lead_id,campaign_id,created_on,source,status,est_value
1,17,2024-10-03,events,qualified,18758.12
2,18,2024-09-16,search,qualified,47614.27
3,22,2023-08-31,outbound,lost,25044.49
4,10,2024-12-02,content,new,36236.15
5,24,2024-03-27,events,qualified,13302.77
6,4,2023-10-20,search,won,6636.43
7,17,2023-07-10,outbound,won,32684.9
8,23,2024-02-21,webinar,qualified,21763.69
9,7,2023-08-26,content,qualified,9769.46
10,17,2024-02-03,events,new,17713.15
11,13,2024-11-15,content,qualified,16686.33
12,16,2024-09-25,webinar,new,28531.51
13,2,2024-11-25,events,lost,24736.63
14,20,2024-10-27,outbound,qualified,33794.8
15,19,2024-04-24,events,qualified,7452.49
16,4,2024-11-29,webinar,new,18491.99
17,14,2024-02-25,events,lost,43096.34
18,18,2024-02-11,partner,lost,5679.88
19,3,2023-10-24,content,won,42943.12
20,22,2024-03-21,webinar,lost,43370.71
21,15,2023-08-23,partner,new,36593.47
22,13,2023-08-22,search,qualified,21732.82
23,2,2024-10-18,webinar,new,35915.27
24,9,2024-08-24,search,qualified,40784.14
25,3,2024-02-02,content,won,8878.1
26,18,2023-09-21,outbound,lost,10069.38
27,20,2024-03-03,outbound,won,41110.08
28,19,2024-07-24,outbound,lost,3751.79
29,7,2024-05-09,partner,lost,27745.52
30,17,2024-04-27,webinar,qualified,37022.68
31,21,2024-06-10,search,lost,24973.78
32,19,2024-01-09,content,new,12344.12
33,13,2023-09-23,webinar,new,31349.78
34,8,2023-10-23,events,qualified,43588.08
35,19,2023-08-04,outbound,new,33895.34
36,2,2024-01-08,webinar,won,41066.86
37,9,2024-09-24,search,won,10438.15
38,4,2024-09-21,webinar,lost,46491.92
39,1,2023-12-26,search,new,13403.1
40,17,2024-10-28,search,new,39520.31
41,22,2024-01-05,events,lost,12839.34
42,3,2023-07-10,partner,new,19407.44
43,8,2024-12-04,partner,qualified,1047.08
44,8,2024-04-08,webinar,won,6132.09
45,1,2024-06-25,webinar,qualified,22848.84
46,2,2024-09-06,outbound,qualified,28236.53
47,15,2024-09-07,outbound,new,33101.16
48,8,2024-06-25,webinar,won,11422.67
49,10,2024-09-26,outbound,new,24959.63
50,17,2024-10-03,events,qualified,24420.97
51,17,2023-10-12,webinar,won,38313.35
52,23,2024-07-23,webinar,new,34164.33
53,3,2024-10-09,search,won,47163.72
54,14,2024-11-17,search,qualified,9482.35
55,1,2024-11-03,webinar,qualified,21007.28
56,16,2024-11-30,partner,lost,22268.5
57,10,2023-08-06,partner,won,26989.78
58,18,2024-12-26,events,lost,42021.13
59,12,2024-11-07,content,qualified,42075.87
60,6,2023-09-30,search,new,13827.14
61,14,2024-12-18,webinar,won,37432.34
62,4,2023-12-02,partner,qualified,35616.64
63,14,2024-10-26,events,lost,14365.9
64,1,2024-11-04,content,lost,7880.35
65,19,2024-02-07,webinar,lost,43584.11
66,20,2024-02-28,events,new,3832.05
67,13,2024-11-24,events,lost,41937.68
68,9,2024-12-11,search,new,16953.42
69,18,2023-12-16,partner,lost,34940.4
70,12,2024-12-24,outbound,qualified,26380.94
71,22,2024-06-19,webinar,lost,9800.39
72,18,2023-10-23,content,lost,24777.0
73,22,2024-11-20,content,new,47245.48
74,10,2024-12-29,outbound,won,31751.44
75,2,2023-10-15,outbound,qualified,7444.3
76,24,2024-04-22,webinar,qualified,39513.9
77,24,2024-11-27,search,new,14956.29
78,15,2024-11-08,webinar,new,25682.77
79,19,2024-05-09,content,lost,43755.83
80,4,2024-06-14,events,qualified,33018.73
81,23,2024-11-07,partner,lost,40892.84
82,24,2024-10-17,content,won,23931.48
83,1,2024-09-01,search,qualified,28032.57
84,18,2024-07-26,search,lost,13593.08
85,20,2024-10-09,webinar,lost,18940.33
86,6,2024-04-10,events,new,34407.95
87,12,2023-10-06,webinar,new,26224.33
88,22,2024-12-14,events,lost,37073.08
89,23,2024-08-06,content,new,28010.86
90,23,2024-07-30,content,won,42590.25
91,19,2024-10-19,outbound,new,16301.85
92,2,2023-08-05,outbound,lost,11406.27
93,18,2024-12-16,outbound,qualified,4346.57
94,2,2023-12-23,partner,qualified,16834.44
95,14,2024-04-28,content,qualified,6177.45
96,3,2024-06-03,events,new,16110.33
97,15,2024-12-14,content,qualified,19787.45
98,9,2024-11-03,partner,lost,42521.22
99,7,2024-11-24,search,won,25841.96
100,16,2024-02-15,webinar,lost,6185.76
101,9,2024-07-04,outbound,qualified,42524.4
102,6,2024-12-11,partner,lost,24758.45
103,5,2024-07-25,content,qualified,25617.77
104,8,2023-10-15,content,lost,47415.37
105,2,2023-12-25,outbound,qualified,40569.33
106,19,2024-01-14,events,lost,39594.32
107,3,2023-07-27,partner,won,8649.62
108,1,2024-10-30,search,qualified,14892.92
109,2,2024-05-07,webinar,new,23445.23
110,21,2024-04-27,outbound,qualified,27268.35
111,23,2024-12-05,search,qualified,37581.28
112,13,2023-09-05,webinar,won,27741.42
113,14,2024-09-11,webinar,qualified,45957.11
114,7,2024-10-05,events,qualified,45253.98
115,5,2023-08-08,content,qualified,21879.64
116,22,2024-06-22,content,new,37918.38
117,12,2024-06-10,partner,lost,43275.22
118,12,2024-01-18,search,new,22514.77
119,20,2024-12-07,webinar,won,4926.18
120,1,2024-09-10,search,won,14997.76
121,19,2024-10-28,search,new,13590.33
122,13,2024-12-23,webinar,won,23384.01
123,16,2024-11-16,events,won,43721.72
124,5,2024-03-03,partner,lost,41102.85
125,1,2024-02-08,search,qualified,32126.13
126,24,2024-11-27,outbound,lost,36177.91
127,21,2023-11-01,search,qualified,37056.85
128,11,2023-09-04,content,lost,42590.7
129,3,2023-09-27,webinar,new,21228.16
130,16,2023-09-10,partner,lost,30427.92
131,23,2024-12-19,search,qualified,24689.35
132,19,2024-11-17,webinar,new,40438.0
133,8,2024-05-02,events,won,25296.1
134,10,2024-09-21,events,qualified,42698.07
135,13,2024-08-06,webinar,new,11578.96
136,7,2024-12-25,webinar,lost,18378.85
137,2,2024-02-11,content,won,36491.22
138,6,2024-12-19,partner,new,12342.78
139,11,2024-09-17,partner,qualified,25054.67
140,21,2024-09-23,events,lost,23809.55
141,23,2024-12-25,webinar,qualified,46557.22
142,4,2024-09-04,partner,won,8895.77
143,9,2024-10-18,content,won,1115.01
144,9,2024-11-16,content,new,4030.78
145,12,2024-09-05,content,qualified,26300.53
146,20,2024-11-24,search,new,18414.1
147,24,2024-04-14,events,qualified,38999.26
148,10,2024-07-29,search,new,34678.5
149,11,2024-09-22,partner,lost,30974.0
150,22,2024-01-17,events,qualified,34160.29
151,24,2024-07-31,webinar,new,17052.98
152,10,2024-11-24,content,lost,18968.14
153,14,2024-01-04,events,new,26512.87
154,10,2024-09-01,content,qualified,11415.11
155,14,2023-09-13,webinar,lost,14036.0
156,2,2024-08-18,content,new,18689.04
157,6,2024-11-04,outbound,new,1220.39
158,11,2024-10-17,content,qualified,1013.35
159,7,2024-04-27,events,qualified,9789.64
160,16,2023-10-21,webinar,qualified,6530.55
161,2,2024-09-27,partner,qualified,8266.73
162,9,2024-10-02,content,won,22057.33
163,8,2024-08-27,webinar,lost,22341.01
164,18,2024-05-22,partner,new,7452.05
165,8,2024-08-14,events,qualified,10775.81
166,2,2024-06-15,webinar,won,44766.99
167,8,2024-12-13,content,won,20307.95
168,21,2024-02-01,search,new,19300.76
169,23,2023-08-30,webinar,won,26815.77
170,6,2024-09-29,partner,qualified,38319.26
171,14,2024-07-18,search,new,39555.45
172,19,2024-08-09,search,new,34414.22
173,20,2024-02-29,content,lost,29028.37
174,11,2024-07-22,content,won,28302.28
175,18,2024-01-28,events,lost,36833.03
176,20,2024-02-29,webinar,new,22762.2
177,23,2024-02-09,events,new,46469.05
178,2,2024-01-05,webinar,lost,871.86
179,11,2024-12-25,search,lost,37867.59
180,18,2024-01-22,content,qualified,14515.73
181,3,2024-10-06,webinar,qualified,4406.35
182,19,2024-05-12,outbound,lost,20497.65
183,14,2024-04-24,search,new,41346.12
184,8,2024-11-25,content,qualified,5571.8
185,12,2023-11-16,webinar,qualified,23578.13
186,20,2024-01-04,webinar,new,2604.84
187,5,2024-02-11,partner,new,33971.94
188,23,2024-11-10,webinar,qualified,29756.62
189,2,2024-01-04,webinar,qualified,30285.48
190,12,2023-12-23,webinar,qualified,9460.19
191,2,2024-09-17,outbound,qualified,14344.45
192,14,2023-08-20,events,won,30804.15
193,5,2024-04-01,content,qualified,38683.49
194,22,2024-11-07,content,qualified,29221.75
195,20,2024-10-06,content,qualified,12257.93
196,14,2024-05-05,partner,won,35471.84
197,15,2024-10-12,search,new,17053.03
198,8,2024-10-13,events,lost,6891.25
199,14,2023-12-09,search,lost,28428.49
200,1,2023-12-27,search,new,9989.68
201,19,2024-12-19,partner,lost,5695.14
202,24,2024-07-10,webinar,qualified,8756.11
203,11,2024-09-23,outbound,lost,20467.6
204,21,2024-06-04,partner,qualified,31329.64
205,17,2024-02-25,webinar,lost,6306.66
206,2,2024-07-03,events,lost,40207.34
207,4,2024-12-05,partner,lost,2950.21
208,2,2024-03-13,search,lost,26101.28
209,15,2023-07-13,content,new,1719.23
210,15,2024-10-17,webinar,new,32673.61
211,7,2024-01-11,webinar,new,29329.02
212,12,2023-07-26,search,new,39937.19
213,2,2024-11-07,search,new,38619.89
214,7,2024-09-30,events,lost,3384.33
215,11,2024-10-28,partner,lost,27110.78
216,7,2024-06-08,events,won,10251.01
217,15,2024-02-13,search,new,6518.23
218,9,2023-10-17,events,won,28169.09
219,17,2023-07-26,events,lost,46857.97
220,7,2023-11-18,outbound,lost,13157.73
221,17,2024-12-13,content,lost,40081.99
222,16,2024-04-24,events,new,29534.93
223,24,2023-09-10,partner,new,21228.77
224,19,2024-04-25,events,won,38044.16
225,14,2024-10-13,content,lost,34780.92
226,9,2024-08-26,content,qualified,6833.52
227,22,2023-12-30,partner,new,31964.89
228,2,2024-05-21,outbound,won,10645.41
229,21,2023-11-15,outbound,lost,38258.59
230,20,2024-12-13,content,qualified,25207.05
231,16,2024-05-13,content,qualified,46917.25
232,2,2024-09-30,search,qualified,17588.88
233,14,2024-11-28,partner,qualified,36744.55
234,16,2024-02-18,events,won,14254.63
235,12,2023-09-18,webinar,new,8700.97
236,17,2024-04-19,content,qualified,36838.36
237,16,2024-08-08,events,qualified,24020.06
238,6,2024-05-02,content,lost,38543.92
239,17,2024-12-28,outbound,lost,17169.92
240,23,2024-12-29,search,qualified,39534.95
241,2,2023-07-30,search,qualified,11797.4
242,20,2024-07-20,events,lost,25793.42
243,14,2023-09-16,partner,qualified,18584.7
244,12,2023-08-12,content,lost,39692.43
245,22,2024-05-05,search,qualified,904.83
246,9,2024-10-31,events,qualified,45392.98
247,16,2024-01-23,partner,won,37737.69
248,22,2024-09-13,webinar,lost,29318.37
249,8,2024-07-28,outbound,won,7635.54
250,7,2023-10-02,webinar,won,45759.81
251,3,2024-12-07,events,qualified,11775.03
252,11,2024-08-23,partner,lost,26103.75
253,17,2023-10-28,partner,lost,38068.86
254,8,2024-12-28,partner,new,8436.89
255,3,2024-10-18,outbound,qualified,29088.47
256,7,2023-11-25,partner,lost,34808.73
257,2,2023-10-31,partner,lost,25586.09
258,13,2023-10-11,outbound,lost,1902.6
259,19,2024-11-27,partner,lost,22225.19
260,7,2024-01-02,search,qualified,12513.92
261,4,2024-11-02,content,qualified,18057.12
262,13,2024-11-08,content,new,20473.68
263,12,2024-12-10,content,new,24521.29
264,3,2024-11-28,webinar,qualified,46044.51
265,8,2023-11-19,webinar,lost,46114.25
266,2,2024-05-30,events,won,45515.92
267,18,2024-02-11,webinar,new,4201.06
268,17,2024-09-27,partner,new,22846.44
269,7,2024-07-28,search,new,13343.42
270,17,2024-02-28,outbound,lost,34171.28
271,9,2024-11-15,outbound,qualified,26439.53
272,19,2023-09-11,content,new,3345.16
273,16,2024-10-10,webinar,lost,3682.91
274,8,2024-03-30,content,won,26187.26
275,3,2023-10-06,events,qualified,1550.11
276,22,2024-03-02,webinar,qualified,31859.93
277,17,2023-11-10,search,lost,33198.41
278,11,2024-09-26,content,lost,3142.89
279,18,2024-12-07,events,new,3276.61
280,16,2023-09-05,outbound,qualified,37403.73
281,5,2024-07-22,webinar,new,7095.7
282,6,2024-06-28,outbound,new,42190.89
283,9,2024-01-18,events,lost,6212.22
284,4,2024-06-10,search,new,14735.02
285,8,2024-08-31,partner,lost,36066.21
286,23,2024-10-17,outbound,lost,32562.75
287,5,2024-08-08,partner,new,36655.47
288,21,2024-10-07,partner,new,43864.9
289,14,2024-06-16,webinar,new,47331.41
290,22,2024-05-11,content,qualified,40657.93
291,7,2024-04-30,events,qualified,26376.12
292,12,2024-12-30,outbound,qualified,16269.08
293,14,2023-10-01,events,lost,16912.72
294,2,2024-04-29,events,qualified,21389.97
295,3,2024-09-13,search,new,45352.83
296,19,2024-11-16,partner,qualified,33498.02
297,9,2023-12-22,events,lost,46982.2
298,21,2024-10-08,search,lost,19313.63
299,11,2023-10-14,search,new,9937.8
300,10,2023-08-29,search,new,35570.9
301,14,2024-10-21,events,lost,14812.7
302,6,2023-12-29,search,new,45878.58
303,13,2024-03-27,search,new,20785.79
304,20,2024-12-16,events,lost,4522.56
305,23,2024-08-06,search,qualified,35189.28
306,20,2024-07-25,search,won,20687.64
307,3,2024-11-30,outbound,lost,3326.87
308,4,2023-10-30,events,won,39654.95
309,11,2024-07-05,content,lost,25351.53
310,7,2024-12-26,search,lost,16242.48
311,22,2024-11-25,content,qualified,17503.13
312,4,2024-08-28,events,qualified,2868.26
313,7,2024-10-30,webinar,lost,5698.17
314,23,2024-08-20,content,new,15975.68
315,17,2024-05-01,events,lost,20474.71
316,18,2023-12-15,content,won,3398.37
317,11,2023-12-27,content,qualified,33807.87
318,10,2024-05-31,webinar,won,19657.38
319,15,2024-10-12,webinar,won,31200.96
320,13,2023-08-15,content,new,13068.05
321,15,2024-10-06,partner,qualified,28264.34
322,14,2024-11-19,webinar,won,46266.15
323,17,2024-11-11,outbound,lost,21336.2
324,14,2023-08-17,outbound,qualified,44728.86
325,2,2024-05-11,events,lost,40311.16
326,15,2024-09-03,events,new,4638.4
327,3,2024-01-18,partner,lost,9172.7
328,17,2024-04-08,outbound,won,42381.09
329,1,2024-03-17,events,lost,3270.57
330,3,2024-06-13,partner,new,40931.48
331,13,2024-02-18,search,qualified,19832.45
332,14,2024-10-09,events,qualified,22540.67
333,6,2024-01-19,webinar,new,43086.78
334,19,2024-03-11,partner,lost,28993.58
335,16,2024-01-22,webinar,lost,12648.3
336,5,2024-12-06,content,won,15717.39
337,14,2024-11-07,search,qualified,40011.28
338,5,2024-07-04,outbound,lost,33165.02
339,19,2024-09-04,search,qualified,17260.38
340,7,2023-11-07,content,qualified,3654.43
341,7,2024-08-02,webinar,lost,30858.45
342,22,2023-09-18,search,new,23161.55
343,5,2024-04-28,search,lost,37321.56
344,9,2023-09-25,outbound,new,41604.21
345,19,2024-07-29,partner,qualified,41564.48
346,10,2024-04-10,webinar,qualified,28919.71
347,15,2024-12-05,content,qualified,40051.37
348,7,2024-12-19,partner,lost,37202.25
349,17,2024-11-15,events,new,22692.05
350,1,2024-02-06,outbound,qualified,23048.73
351,3,2024-09-02,outbound,qualified,23636.32
352,10,2024-09-10,webinar,new,21081.58
353,1,2024-05-05,events,qualified,32192.76
354,3,2024-06-10,partner,lost,37187.45
355,3,2024-12-02,content,qualified,1554.8
356,3,2023-12-02,partner,qualified,10809.16
357,15,2024-04-12,content,qualified,9230.34
358,19,2023-09-26,search,qualified,26946.53
359,19,2024-07-17,events,qualified,829.62
360,12,2024-02-23,partner,new,23988.25
361,15,2024-07-24,search,qualified,35357.11
362,4,2024-12-04,content,qualified,12113.82
363,13,2024-06-05,partner,new,22169.18
364,21,2024-10-05,partner,qualified,3955.44
365,5,2024-09-01,events,new,28750.7
366,15,2024-07-22,webinar,qualified,32875.93
367,6,2024-11-29,outbound,qualified,20689.9
368,6,2024-03-06,outbound,new,22212.01
369,5,2023-08-31,outbound,qualified,33910.33
370,17,2024-11-28,events,qualified,36003.62
371,20,2024-07-12,outbound,qualified,31542.85
372,21,2024-02-14,outbound,new,14682.66
373,15,2024-10-05,partner,qualified,9238.1
374,20,2024-03-28,search,qualified,41708.79
375,1,2024-10-14,search,lost,3586.7
376,22,2023-12-05,search,lost,26670.61
377,23,2024-02-07,outbound,lost,3945.03
378,20,2024-12-15,events,new,2393.26
379,1,2024-12-22,content,lost,45709.11
380,22,2024-06-07,webinar,lost,9996.74
381,4,2023-07-08,webinar,won,3856.28
382,14,2024-11-23,content,lost,26502.57
383,5,2024-02-23,content,won,35286.73
384,16,2024-12-16,content,lost,36919.93
385,11,2024-11-19,content,lost,7079.21
386,24,2023-12-09,content,lost,29817.48
387,4,2024-07-26,search,lost,47473.69
388,3,2024-10-02,events,lost,39689.51
389,9,2023-10-16,webinar,lost,9387.93
390,3,2024-03-13,webinar,qualified,36199.92
391,4,2024-11-22,webinar,won,41476.72
392,15,2024-11-04,search,won,28248.98
393,3,2024-09-19,partner,lost,29507.41
394,11,2023-10-11,events,lost,27450.06
395,4,2023-12-22,partner,won,8415.57
396,9,2024-06-08,events,won,3135.65
397,3,2023-11-19,content,won,34229.28
398,21,2024-07-08,outbound,new,25690.48
399,14,2024-12-19,outbound,qualified,16490.72
400,7,2023-11-16,content,new,26479.28
401,4,2024-07-21,outbound,lost,2069.65
402,5,2024-03-03,outbound,lost,4294.45
403,6,2024-02-04,outbound,new,4261.18
404,6,2024-09-11,events,lost,32362.19
405,6,2023-12-13,events,qualified,24602.06
406,14,2024-10-25,events,qualified,42132.73
407,17,2024-10-13,search,new,43144.64
408,23,2024-07-22,search,lost,39274.31
409,14,2024-12-02,events,qualified,31438.6
410,4,2024-01-22,search,qualified,14938.89
411,6,2024-10-25,outbound,lost,10553.79
412,2,2024-11-28,webinar,qualified,42018.41
413,6,2024-10-23,partner,won,35317.37
414,4,2024-06-30,outbound,qualified,13835.97
415,2,2024-03-29,partner,won,26923.64
416,10,2023-09-18,webinar,qualified,12601.08
417,8,2024-10-10,webinar,lost,38598.75
418,7,2023-12-24,partner,qualified,46055.38
419,14,2024-08-27,outbound,qualified,7530.48
420,13,2024-12-09,partner,won,22706.12
421,13,2024-06-21,webinar,new,32947.03
422,9,2024-10-17,partner,qualified,17814.92
423,6,2024-04-22,content,new,28250.56
424,23,2024-06-02,content,lost,11136.88
425,3,2024-06-11,webinar,qualified,24989.91
426,19,2024-02-24,content,qualified,22625.02
427,24,2024-04-15,search,qualified,18619.28
428,16,2024-10-15,search,won,28066.54
429,5,2024-12-04,outbound,new,21162.13
430,23,2023-12-12,outbound,new,20839.56
431,15,2024-01-27,partner,qualified,20895.58
432,5,2024-07-25,partner,qualified,28330.85
433,13,2023-09-12,search,lost,4469.73
434,21,2024-10-07,content,won,29233.26
435,5,2024-09-18,outbound,new,43319.6
436,20,2024-11-18,content,qualified,15821.05
437,10,2024-06-24,partner,lost,31874.42
438,5,2023-12-04,content,qualified,27520.51
439,3,2024-11-10,search,new,21670.84
440,7,2024-11-14,search,qualified,16758.07
441,2,2024-08-31,search,new,40721.81
442,24,2024-03-09,events,new,14067.55
443,23,2024-07-18,partner,lost,11286.6
444,18,2024-08-18,outbound,qualified,16181.73
445,16,2024-10-16,events,lost,22210.31
446,12,2024-05-10,events,new,42531.72
447,14,2023-11-08,content,new,27701.17
448,24,2023-11-17,content,won,33385.79
449,23,2024-09-11,partner,won,16693.7
450,19,2024-10-16,events,new,39215.86
451,23,2023-11-19,outbound,new,17947.0
452,7,2024-08-30,partner,lost,23288.5
453,22,2024-10-04,events,lost,36304.87
454,20,2023-12-24,search,won,20484.58
455,17,2024-05-08,webinar,new,31984.17
456,14,2024-10-01,events,won,4875.16
457,15,2024-02-23,webinar,qualified,21627.24
458,21,2023-08-14,webinar,won,22457.55
459,21,2024-06-29,events,new,21240.64
460,22,2023-11-21,events,new,43725.05
461,14,2024-08-21,outbound,qualified,12795.75
462,9,2024-03-01,events,lost,36486.59
463,11,2024-03-14,partner,lost,37555.87
464,9,2024-04-22,search,won,6096.45
465,4,2024-02-16,search,new,7803.89
466,18,2023-11-23,webinar,qualified,23621.68
467,1,2024-06-07,outbound,lost,2934.01
468,18,2024-12-13,content,new,33026.56
469,18,2024-01-27,outbound,lost,23518.55
470,6,2024-04-12,webinar,new,34533.32
471,16,2023-08-05,search,won,22395.0
472,13,2023-12-05,content,lost,45377.74
473,14,2023-12-24,content,new,8117.86
474,4,2024-07-31,content,qualified,6882.48
475,7,2023-09-19,search,won,24429.94
476,11,2024-11-03,partner,won,26448.37
477,23,2024-06-27,outbound,qualified,29689.6
478,21,2024-12-30,events,qualified,41586.76
479,3,2024-01-31,events,won,7877.03
480,11,2023-08-27,search,won,43691.75
481,6,2024-09-12,webinar,lost,13297.51
482,19,2024-11-02,partner,lost,27920.94
483,10,2024-11-09,events,qualified,45801.46
484,17,2023-08-25,webinar,won,21177.7
485,21,2023-11-11,webinar,qualified,11314.81
486,4,2024-08-06,events,new,11044.04
487,15,2024-08-17,outbound,qualified,29627.79
488,2,2023-12-09,partner,lost,30937.27
489,2,2024-09-19,partner,lost,34990.82
490,3,2024-01-20,search,lost,25703.03
491,20,2023-11-19,webinar,lost,18610.44
492,8,2023-11-20,outbound,lost,36849.76
493,10,2024-12-02,events,qualified,43917.97
494,17,2024-12-17,outbound,lost,40333.6
495,15,2024-09-30,content,lost,3758.24
496,14,2024-04-19,partner,new,36567.4
497,7,2023-10-31,outbound,lost,28438.83
498,19,2024-06-24,events,qualified,34642.34
499,22,2024-03-05,events,lost,9986.72
500,20,2024-11-11,webinar,won,31289.89
501,9,2024-03-13,events,lost,25997.8
502,17,2024-12-08,events,lost,2478.34
503,19,2023-09-08,partner,new,38161.68
504,17,2024-11-11,content,qualified,24157.91
505,16,2024-09-16,content,new,31530.7
506,7,2024-12-03,webinar,new,44327.34
507,4,2023-10-25,events,new,24702.48
508,6,2023-11-07,events,qualified,36854.89
509,6,2023-12-20,content,lost,22084.75
510,24,2024-12-08,partner,lost,1892.58
511,24,2024-05-31,partner,lost,11683.56
512,10,2024-03-25,outbound,lost,41633.21
513,8,2023-11-09,search,new,39802.75
514,2,2024-11-20,events,won,2201.84
515,24,2024-12-06,content,lost,21217.96
516,1,2024-02-18,partner,qualified,33110.43
517,21,2024-11-25,content,new,14660.19
518,6,2024-06-24,content,lost,39377.48
519,1,2024-10-13,partner,won,38785.77
520,19,2023-12-18,events,lost,31557.15
521,5,2024-01-07,partner,lost,46893.99
522,14,2024-11-17,search,new,29314.22
523,6,2024-09-17,content,qualified,14846.1
524,16,2024-12-15,search,won,14591.24
525,21,2024-11-08,partner,won,38168.5
526,24,2023-12-24,partner,new,47230.59
527,7,2024-04-11,search,lost,8584.01
528,24,2024-05-21,partner,lost,45837.05
529,16,2024-11-06,webinar,new,32855.96
530,23,2024-10-07,content,won,21108.87
531,11,2024-10-14,webinar,lost,40786.98
532,23,2024-11-04,outbound,new,15462.47
533,10,2024-06-10,outbound,qualified,10060.6
534,11,2024-09-12,webinar,qualified,1097.94
535,7,2024-09-04,content,new,40397.27
536,13,2024-11-21,search,qualified,25116.78
537,24,2024-06-20,content,won,6880.36
538,16,2024-10-02,content,new,27248.16
539,21,2024-10-03,outbound,new,32140.53
540,7,2024-05-03,events,new,30112.79
541,23,2024-01-16,webinar,new,14607.76
542,14,2024-11-11,search,qualified,36892.51
543,10,2024-06-21,partner,new,35643.53
544,23,2023-12-28,webinar,qualified,10748.67
545,21,2024-11-25,search,lost,33967.68
546,4,2024-12-16,webinar,won,5669.07
547,3,2024-05-03,webinar,new,43362.63
548,19,2024-10-09,partner,won,12249.54
549,16,2024-05-29,search,won,28335.79
550,24,2024-08-03,partner,qualified,20441.03
551,9,2023-12-04,partner,new,46364.53
552,17,2024-04-11,outbound,lost,28837.38
553,2,2024-07-09,events,won,26334.68
554,14,2024-08-03,webinar,new,17260.0
555,5,2024-01-25,webinar,qualified,7897.53
556,13,2024-12-07,events,lost,35697.96
557,3,2024-11-27,search,lost,8508.74
558,11,2024-12-07,outbound,lost,23041.69
559,18,2023-08-12,search,lost,25975.73
560,11,2024-12-03,search,lost,28885.32
561,21,2024-05-14,outbound,lost,23121.61
562,4,2024-02-05,search,new,10080.06
563,7,2024-12-21,webinar,qualified,22843.22
564,8,2023-07-29,webinar,won,41075.36
565,6,2024-12-28,search,new,6495.37
566,1,2024-10-06,search,won,9115.63
567,12,2024-06-17,webinar,qualified,8530.21
568,17,2023-11-05,partner,won,9947.01
569,19,2024-08-23,partner,qualified,8576.16
570,23,2024-11-06,content,new,40830.43
571,23,2024-12-30,webinar,new,16510.53
572,8,2024-08-11,search,qualified,47277.94
573,16,2024-07-29,events,new,4138.26
574,23,2024-02-16,outbound,qualified,4127.72
575,14,2024-10-10,webinar,lost,38427.57
576,9,2023-09-21,partner,qualified,28560.66
577,19,2024-10-13,outbound,qualified,12241.94
578,24,2024-02-12,webinar,won,2409.48
579,22,2023-10-17,search,qualified,26853.82
580,4,2024-08-19,outbound,new,44590.69
581,10,2024-02-04,events,new,32352.08
582,5,2023-09-01,outbound,qualified,26187.78
583,9,2024-05-28,outbound,lost,44097.58
584,20,2024-04-05,outbound,new,36135.5
585,14,2023-12-13,webinar,lost,40438.83
586,9,2024-11-27,partner,new,9368.97
587,4,2024-02-25,outbound,qualified,24244.03
588,17,2024-10-04,search,lost,25738.33
589,13,2024-05-23,content,lost,45543.51
590,1,2024-05-02,partner,lost,27866.25
591,7,2023-08-20,outbound,won,39234.79
592,14,2024-04-10,content,qualified,44375.58
593,9,2024-12-09,outbound,lost,1737.81
594,15,2023-12-08,search,won,22839.06
595,20,2024-10-05,webinar,new,31074.5
596,20,2023-11-29,content,qualified,27106.96
597,9,2023-10-17,events,new,3669.61
598,2,2024-02-24,webinar,lost,37957.53
599,7,2024-12-02,webinar,qualified,38280.75
600,16,2023-11-11,search,qualified,31200.3
601,6,2023-10-12,search,new,825.9
602,7,2024-10-27,partner,lost,25002.47
603,5,2024-12-18,search,new,24734.93
604,11,2024-06-24,events,lost,41957.17
605,5,2024-04-18,search,new,31455.96
606,19,2023-07-28,webinar,lost,12017.99
607,2,2023-09-18,webinar,qualified,38872.48
608,17,2024-02-18,search,new,45533.43
609,18,2024-12-13,webinar,new,29728.8
610,18,2024-10-01,outbound,new,43205.52
611,11,2024-10-10,webinar,lost,1288.58
612,3,2024-08-23,content,qualified,14310.95
613,17,2024-05-31,content,won,18063.87
614,4,2024-08-02,webinar,new,24911.3
615,3,2024-04-11,events,new,19056.93
616,10,2024-11-14,search,new,23598.25
617,24,2023-11-11,webinar,lost,1534.37
618,17,2024-08-16,content,lost,25435.19
619,11,2023-12-27,search,qualified,42695.07
620,16,2023-12-05,outbound,qualified,40835.82
621,20,2024-07-17,search,new,9171.64
622,4,2024-08-11,search,qualified,28741.62
623,4,2024-04-15,outbound,qualified,14353.91
624,5,2023-10-30,outbound,qualified,30427.37
625,4,2024-05-06,search,lost,25097.94
626,18,2024-11-10,content,won,46275.82
627,23,2023-11-13,events,qualified,28004.63
628,13,2024-01-22,content,qualified,41475.92
629,5,2023-12-22,content,qualified,7305.73
630,20,2024-12-05,webinar,won,31254.77
631,4,2024-05-24,outbound,won,22793.3
632,10,2024-01-16,search,qualified,17202.05
633,19,2024-08-25,outbound,lost,35834.93
634,23,2024-10-24,partner,new,40188.17
635,21,2023-09-22,content,qualified,47381.75
636,16,2024-12-15,webinar,won,43628.57
637,7,2024-04-10,outbound,new,30569.1
638,18,2024-12-15,events,new,27832.96
639,22,2024-02-16,search,lost,30700.56
640,1,2024-09-05,content,lost,4920.7
641,2,2024-04-21,partner,lost,35834.65
642,4,2023-11-28,outbound,new,18398.04
643,11,2024-12-20,webinar,won,14547.09
644,8,2023-09-17,webinar,new,15622.07
645,12,2024-08-30,search,qualified,13655.47
646,18,2024-09-03,webinar,won,23063.32
647,12,2023-11-21,search,lost,15695.2
648,24,2024-12-25,events,qualified,16769.47
649,20,2024-12-21,search,won,39762.31
650,5,2023-09-22,search,lost,37838.26
651,5,2023-12-26,webinar,lost,24734.11
652,24,2024-10-21,webinar,new,23828.59
653,8,2024-01-01,events,new,29560.42
654,16,2024-09-13,partner,won,9419.52
655,4,2024-02-24,partner,new,4714.08
656,16,2024-10-16,search,qualified,35948.96
657,3,2023-12-06,webinar,lost,36532.14
658,11,2023-08-31,webinar,lost,4440.82
659,23,2024-04-19,search,lost,31528.3
660,7,2023-11-29,webinar,won,3675.85
661,7,2023-12-14,webinar,new,4763.15
662,19,2023-09-19,content,won,22089.45
663,11,2024-09-13,events,lost,21126.77
664,8,2023-10-02,content,won,3107.87
665,22,2024-12-20,partner,new,33777.35
666,11,2024-06-24,events,qualified,17073.13
667,19,2024-04-15,content,won,18218.71
668,20,2024-10-31,events,new,2214.15
669,24,2023-10-08,outbound,qualified,16269.22
670,19,2024-08-03,content,qualified,28757.08
671,10,2024-10-19,search,qualified,11302.03
672,7,2024-09-08,search,new,22332.97
673,3,2024-08-22,content,lost,14852.07
674,1,2024-10-21,content,qualified,31417.79
675,16,2024-10-11,partner,qualified,39918.39
676,2,2024-05-15,webinar,new,26192.95
677,14,2023-09-25,events,qualified,8528.41
678,3,2023-07-27,events,qualified,9149.15
679,23,2024-08-01,partner,new,7175.58
680,2,2024-05-29,webinar,qualified,12979.51
681,15,2024-07-20,search,qualified,19487.58
682,6,2024-05-30,outbound,qualified,39402.79
683,8,2024-04-09,outbound,qualified,13597.47
684,6,2023-11-19,partner,qualified,47707.35
685,12,2024-11-09,webinar,won,3499.44
686,19,2024-12-15,webinar,won,11809.58
687,22,2024-09-13,outbound,lost,24949.15
688,3,2023-12-30,search,lost,6757.65
689,17,2023-09-11,partner,qualified,4996.65
690,2,2024-10-01,outbound,new,1846.06
691,5,2023-12-24,webinar,qualified,3674.68
692,10,2024-10-04,partner,lost,2050.07
693,4,2023-09-09,search,qualified,36950.28
694,20,2024-11-19,webinar,qualified,31295.7
695,15,2024-10-06,outbound,new,25166.03
696,12,2024-07-27,content,qualified,46672.4
697,22,2024-09-03,search,lost,23208.45
698,19,2024-10-21,events,new,21626.16
699,15,2024-11-12,events,lost,44697.02
700,19,2024-05-01,partner,qualified,24662.66
701,21,2024-10-18,search,won,23694.1
702,1,2024-02-09,search,qualified,34584.46
703,18,2024-06-03,search,won,19009.79
704,4,2024-06-16,search,new,22473.52
705,24,2023-10-20,content,new,47816.2
706,16,2024-10-01,partner,lost,15214.37
707,12,2024-02-13,outbound,qualified,38651.96
708,23,2023-08-25,search,won,42988.34
709,14,2023-08-17,search,lost,18786.25
710,22,2023-10-30,webinar,won,26076.2
711,23,2024-10-15,webinar,qualified,42525.97
712,19,2024-11-21,search,new,8049.31
713,11,2023-08-16,outbound,new,47390.54
714,13,2024-11-16,search,new,21315.25
715,1,2024-08-19,search,new,18237.58
716,15,2024-05-18,search,won,39069.36
717,2,2024-12-22,events,qualified,41757.5
718,15,2024-08-07,events,won,22687.4
719,23,2023-07-26,content,new,20798.6
720,20,2023-10-30,outbound,new,30283.53
721,22,2024-11-03,webinar,new,43286.73
722,13,2024-12-11,events,qualified,10667.18
723,3,2024-01-26,webinar,new,19761.51
724,5,2024-11-27,content,qualified,12278.34
725,19,2024-08-05,content,qualified,17201.96
726,2,2024-02-07,events,lost,33491.01
727,15,2024-08-06,partner,new,41997.66
728,17,2024-06-16,search,won,23088.08
729,24,2023-10-13,events,qualified,41030.44
730,24,2024-05-31,content,new,9614.54
731,21,2024-09-03,outbound,lost,6447.38
732,18,2024-11-16,outbound,lost,2345.62
733,2,2023-11-24,events,new,9600.16
734,7,2024-11-26,webinar,new,3000.97
735,10,2024-09-02,events,new,9381.72
736,18,2023-12-11,content,qualified,15954.29
737,6,2023-09-21,events,qualified,24920.57
738,21,2024-12-25,search,lost,47689.46
739,11,2023-10-07,webinar,lost,9960.06
740,11,2023-07-04,outbound,qualified,30885.28
741,11,2024-11-15,content,qualified,42940.16
742,7,2024-09-15,outbound,qualified,38974.28
743,4,2024-04-06,outbound,new,21337.58
744,3,2023-10-12,content,new,21927.0
745,1,2024-03-27,outbound,new,40596.31
746,15,2024-05-27,content,lost,45106.43
747,2,2024-08-05,partner,new,43679.72
748,5,2024-10-18,content,new,33378.49
749,21,2024-09-14,outbound,new,30760.93
750,20,2024-11-09,outbound,new,33446.11
751,11,2024-12-21,outbound,lost,27308.58
752,7,2024-11-08,events,lost,22400.42
753,20,2024-09-24,partner,lost,43637.82
754,21,2024-10-23,content,lost,23771.29
755,3,2024-11-01,events,lost,2844.37
756,11,2024-09-15,webinar,qualified,41996.44
757,15,2024-09-28,webinar,won,20820.22
758,8,2024-08-14,partner,qualified,26140.31
759,7,2024-07-15,content,new,6170.47
760,17,2024-04-11,events,new,34137.76
761,10,2024-03-05,search,new,10045.19
762,19,2024-11-02,events,lost,805.89
763,19,2023-11-06,webinar,lost,20753.79
764,1,2024-11-11,outbound,qualified,44132.05
765,22,2024-10-11,webinar,new,23612.11
766,6,2024-05-16,search,lost,26098.62
767,9,2024-08-29,content,new,29346.02
768,3,2024-12-01,outbound,won,26751.51
769,21,2023-11-12,search,new,4328.76
770,17,2024-01-02,outbound,won,32224.06
771,22,2024-02-11,outbound,qualified,8676.9
772,2,2024-05-20,partner,qualified,27155.11
773,8,2024-12-26,content,won,31040.81
774,11,2023-09-10,content,won,46558.71
775,11,2024-12-01,partner,lost,38386.39
776,9,2024-11-09,partner,new,36301.58
777,3,2023-12-13,outbound,new,36703.23
778,8,2024-10-12,content,new,12557.14
779,18,2024-10-07,events,new,33209.84
780,12,2024-02-06,content,lost,4163.77
781,16,2024-05-15,outbound,won,20764.89
782,17,2024-10-09,webinar,qualified,29978.21
783,7,2024-12-23,content,lost,23710.38
784,11,2023-07-14,webinar,qualified,43765.11
785,6,2024-06-15,webinar,new,24737.51
786,20,2023-10-26,webinar,qualified,42734.62
787,16,2024-10-14,content,lost,7519.79
788,5,2024-06-23,webinar,lost,7891.88
789,19,2024-12-16,outbound,qualified,45574.86
790,5,2024-10-20,search,qualified,46835.33
791,5,2024-04-03,partner,lost,19686.57
792,23,2024-02-03,webinar,new,38844.02
793,21,2024-09-20,content,new,31112.07
794,20,2024-04-06,content,won,15356.53
795,20,2024-02-13,partner,lost,29645.98
796,23,2023-11-09,search,won,5857.42
797,8,2024-08-21,search,won,38323.46
798,21,2024-01-01,outbound,qualified,9262.0
799,2,2024-10-22,outbound,qualified,18631.66
800,3,2023-10-28,search,lost,39955.03
801,1,2024-09-28,partner,new,18459.99
802,13,2023-10-04,search,qualified,23648.93
803,8,2024-08-19,content,qualified,44522.78
804,1,2024-11-14,search,lost,23397.19
805,24,2024-09-24,search,won,47297.56
806,21,2024-12-27,partner,lost,45295.0
807,3,2024-03-26,events,new,3414.94
808,9,2024-11-10,outbound,qualified,30420.5
809,20,2023-11-22,search,new,43937.97
810,10,2024-05-19,webinar,lost,42803.28
811,2,2024-12-24,content,qualified,5176.29
812,12,2024-06-07,outbound,new,1715.73
813,4,2024-11-30,content,qualified,32646.87
814,13,2024-10-01,events,qualified,28773.44
815,8,2024-11-26,search,won,38434.32
816,7,2024-03-10,partner,qualified,17670.26
817,21,2024-04-26,webinar,lost,35729.97
818,8,2024-03-23,partner,new,13697.13
819,13,2023-12-26,webinar,qualified,2708.99
820,16,2024-12-09,content,new,10653.06
821,5,2024-10-31,search,lost,3920.53
822,9,2024-08-02,events,lost,43071.26
823,15,2023-07-22,search,qualified,15294.75
824,21,2024-10-08,partner,lost,40699.4
825,12,2024-10-17,search,lost,11377.6
826,17,2024-05-27,outbound,new,8188.16
827,11,2024-03-11,search,new,43666.38
828,3,2024-12-02,events,lost,40928.25
829,17,2023-11-13,search,lost,1352.93
830,23,2023-10-29,outbound,qualified,27404.86
831,23,2024-08-10,search,new,44790.66
832,14,2024-11-30,partner,qualified,20858.08
833,5,2024-11-15,outbound,lost,26621.97
834,23,2024-09-27,webinar,new,11946.95
835,9,2023-07-05,search,new,17120.42
836,4,2023-10-01,content,new,21680.89
837,17,2024-10-23,content,new,7118.77
838,6,2024-05-23,search,new,7508.07
839,3,2023-09-21,outbound,qualified,40674.6
840,10,2023-07-14,webinar,lost,40097.14
841,2,2024-07-26,content,new,3595.17
842,4,2024-10-12,partner,qualified,29599.95
843,8,2024-12-12,search,qualified,23724.07
844,11,2024-08-23,content,new,21866.51
845,20,2024-12-11,events,new,21137.77
846,8,2024-12-24,webinar,new,21434.28
847,16,2024-09-19,search,new,43183.27
848,4,2024-03-12,outbound,new,5907.46
849,20,2023-08-27,webinar,new,18597.83
850,14,2024-06-09,partner,qualified,23263.68
851,14,2024-09-22,webinar,new,41879.47
852,9,2024-02-20,events,lost,11276.98
853,6,2024-08-25,events,qualified,31421.51
854,8,2024-11-15,webinar,won,5598.01
855,22,2024-05-16,search,qualified,40263.79
856,5,2024-10-16,webinar,new,13279.67
857,17,2024-12-02,partner,qualified,37766.47
858,10,2023-08-16,content,won,39752.77
859,17,2024-10-11,search,new,20065.82
860,19,2024-08-19,events,lost,32121.25
861,6,2024-08-17,events,new,33717.79
862,11,2024-09-27,content,new,42077.47
863,14,2024-06-27,outbound,new,15287.0
864,15,2024-10-04,content,qualified,35668.66
865,2,2023-07-25,outbound,won,36447.87
866,9,2024-11-05,partner,lost,35977.4
867,21,2024-12-04,outbound,lost,3093.82
868,1,2024-10-09,content,new,12943.31
869,20,2024-10-28,content,new,1024.46
870,22,2024-11-12,outbound,new,38274.52
871,18,2024-12-22,partner,new,10984.47
872,19,2024-05-23,outbound,new,41737.53
873,17,2023-08-20,events,won,36442.44
874,15,2023-12-01,search,won,43646.48
875,13,2024-12-05,outbound,new,46736.86
876,9,2024-10-26,partner,qualified,20029.23
877,13,2024-02-22,content,won,35728.89
878,2,2024-11-30,events,qualified,33804.14
879,21,2024-10-22,outbound,won,18261.76
880,1,2024-11-10,content,qualified,9862.99
881,3,2024-05-13,events,won,17008.08
882,7,2024-11-01,content,qualified,26128.0
883,16,2024-08-30,search,qualified,41048.02
884,23,2024-10-21,webinar,new,945.36
885,6,2024-08-28,content,new,25502.55
886,10,2024-10-20,content,qualified,9575.92
887,9,2024-07-08,outbound,lost,1772.12
888,7,2024-08-15,events,new,46836.75
889,23,2024-11-05,events,qualified,24145.62
890,7,2024-04-09,partner,won,13855.69
891,13,2024-07-28,events,new,12294.6
892,24,2023-11-21,partner,lost,11836.18
893,4,2023-10-09,partner,qualified,9469.67
894,18,2024-09-10,search,qualified,34652.14
895,19,2024-07-17,events,qualified,33846.03
896,24,2024-07-05,webinar,lost,40355.36
897,17,2024-12-26,partner,lost,6013.61
898,4,2024-05-15,events,won,18789.72
899,21,2024-11-17,events,lost,5544.21
900,24,2024-05-26,outbound,new,23954.51
901,20,2024-11-28,content,won,12391.87
902,14,2024-02-21,content,new,12154.41
903,22,2024-04-10,search,qualified,23388.59
904,12,2023-12-28,content,new,40882.98
905,23,2024-10-02,webinar,won,5332.98
906,2,2024-07-28,partner,lost,39702.02
907,10,2024-06-29,events,lost,44361.11
908,2,2024-06-26,search,new,981.18
909,1,2024-03-12,outbound,won,11472.21
910,2,2024-02-17,partner,qualified,7509.53
911,9,2024-11-25,webinar,qualified,25317.64
912,1,2024-08-28,partner,won,12417.92
913,8,2024-12-10,partner,won,12811.87
914,4,2024-08-11,partner,new,21010.41
915,3,2024-12-11,outbound,new,29869.43
916,16,2023-07-21,webinar,new,4303.13
917,6,2024-02-16,partner,won,40478.8
918,11,2024-11-15,partner,qualified,1164.6
919,3,2024-11-10,outbound,lost,7637.55
920,17,2024-02-01,content,qualified,47254.43
921,14,2024-04-07,partner,new,7151.75
922,15,2024-04-11,search,won,4076.9
923,5,2024-12-04,content,qualified,32049.78
924,15,2024-08-11,partner,new,25108.99
925,10,2023-07-17,partner,new,4527.33
926,19,2024-04-29,partner,lost,1740.26
927,6,2023-08-22,search,qualified,24811.23
928,17,2023-08-24,content,new,35540.89
929,6,2024-10-09,webinar,lost,8330.05
930,13,2024-08-30,content,new,35031.83
931,24,2024-01-21,outbound,lost,22827.68
932,11,2023-12-01,outbound,qualified,33898.85
933,22,2024-11-02,events,won,14397.05
934,15,2024-11-16,webinar,lost,43803.53
935,22,2023-12-10,search,won,21893.4
936,11,2024-07-28,outbound,qualified,31694.73
937,14,2024-03-14,search,won,26502.7
938,19,2024-03-18,outbound,qualified,31228.3
939,11,2024-01-10,webinar,new,4682.87
940,5,2024-04-03,outbound,won,22069.01
941,20,2024-10-11,events,new,22341.46
942,10,2024-03-10,search,qualified,38604.37
943,16,2024-06-16,content,new,40799.53
944,23,2024-12-10,search,lost,32454.67
945,15,2024-07-16,events,won,36350.7
946,9,2024-07-06,partner,new,36735.29
947,1,2024-03-08,webinar,qualified,7379.31
948,21,2023-11-15,outbound,new,35556.42
949,15,2024-05-18,content,new,47709.88
950,14,2024-05-04,search,qualified,4385.28
951,14,2024-12-02,partner,new,26023.09
952,9,2024-07-20,content,qualified,13631.25
953,6,2024-06-12,partner,lost,33601.46
954,17,2024-05-15,content,qualified,20357.28
955,2,2024-07-19,partner,new,882.49
956,6,2024-11-26,content,new,11775.39
957,15,2024-12-10,partner,lost,18956.44
958,16,2024-12-15,webinar,lost,27271.36
959,4,2024-09-17,webinar,lost,16259.07
960,8,2024-08-21,content,qualified,23828.53
961,4,2024-05-19,partner,new,33173.4
962,18,2024-11-30,webinar,new,17207.43
963,6,2024-02-11,outbound,qualified,41405.76
964,23,2024-07-06,webinar,qualified,36719.58
965,18,2024-07-26,search,lost,28303.42
966,11,2024-12-09,outbound,qualified,5815.48
967,13,2024-03-07,events,won,40455.94
968,16,2024-12-14,webinar,lost,27516.09
969,17,2023-12-17,events,qualified,43450.69
970,11,2024-06-06,search,qualified,35659.07
971,7,2023-07-16,search,qualified,2632.14
972,1,2024-10-11,outbound,qualified,32793.45
973,22,2024-08-20,webinar,qualified,6344.33
974,14,2023-10-17,webinar,new,46007.99
975,16,2024-11-15,search,new,28720.96
976,23,2024-12-06,content,qualified,44039.83
977,6,2024-10-26,partner,qualified,33472.93
978,6,2024-03-04,webinar,qualified,8741.53
979,21,2024-12-19,content,new,29139.5
980,16,2023-12-08,events,lost,25564.68
981,7,2024-06-15,partner,qualified,5598.1
982,21,2024-12-13,outbound,lost,27783.19
983,2,2023-09-04,partner,won,39039.17
984,19,2024-12-08,webinar,new,47813.95
985,23,2024-09-22,outbound,qualified,39310.99
986,20,2024-06-15,content,lost,32527.78
987,5,2023-12-10,events,lost,45209.08
988,10,2024-01-04,content,lost,10645.14
989,8,2024-10-22,events,new,7435.18
990,1,2024-01-03,search,lost,1699.68
991,11,2024-12-17,partner,qualified,23720.9
992,2,2024-12-20,partner,won,18688.93
993,14,2024-05-17,partner,lost,5278.38
994,16,2024-09-09,partner,won,3833.6
995,15,2024-08-21,webinar,won,15190.43
996,5,2024-11-05,webinar,qualified,38738.7
997,15,2024-07-22,content,qualified,13067.67
998,24,2024-10-12,webinar,qualified,20679.39
999,6,2024-11-24,outbound,lost,27045.14
1000,1,2024-01-01,outbound,won,33355.75
1001,12,2024-10-13,events,qualified,5239.13
1002,8,2024-06-25,webinar,qualified,34548.01
1003,18,2024-07-22,search,lost,29523.23
1004,20,2023-11-05,search,won,2248.16
1005,12,2024-11-25,search,qualified,18163.61
1006,5,2023-11-29,outbound,new,15145.57
1007,8,2024-07-08,content,qualified,40585.14
1008,23,2024-01-31,outbound,lost,8341.52
1009,4,2023-08-10,search,won,13377.28
1010,9,2024-05-22,outbound,qualified,35516.25
1011,13,2024-11-25,outbound,lost,24115.35
1012,7,2024-11-11,events,qualified,17215.23
1013,7,2024-03-27,content,won,37876.54
1014,20,2024-04-03,content,qualified,13837.22
1015,6,2024-10-09,content,won,27837.14
1016,1,2023-07-15,content,new,937.91
1017,24,2024-08-01,content,new,16342.47
1018,15,2023-11-25,content,qualified,27200.68
1019,7,2024-12-08,partner,qualified,14910.27
1020,11,2024-03-09,partner,qualified,16329.55
1021,14,2024-01-24,webinar,lost,26177.88
1022,23,2024-12-24,outbound,won,16599.74
1023,1,2024-10-24,search,qualified,21385.04
1024,4,2024-05-14,events,lost,6606.39
1025,10,2024-02-22,content,qualified,13339.45
1026,9,2024-11-03,webinar,qualified,28598.77
1027,9,2024-10-13,search,lost,41586.66
1028,21,2024-04-21,partner,lost,43629.66
1029,10,2024-04-23,webinar,lost,20351.1
1030,6,2023-08-30,events,lost,27365.08
1031,17,2024-10-16,webinar,qualified,13146.12
1032,24,2024-10-01,webinar,lost,36244.09
1033,17,2023-10-30,search,new,5835.13
1034,19,2024-08-28,webinar,new,37497.52
1035,14,2024-05-10,content,lost,30329.66
1036,7,2023-11-20,partner,lost,19118.39
1037,12,2023-08-08,search,qualified,31133.1
1038,15,2023-12-09,webinar,won,7809.35
1039,20,2023-12-12,webinar,new,32993.65
1040,17,2024-04-05,outbound,new,31948.58
1041,8,2024-03-15,partner,new,3928.88
1042,6,2024-06-16,partner,lost,33062.42
1043,18,2024-02-04,search,won,16397.58
1044,17,2024-07-30,partner,new,24445.04
1045,10,2024-11-05,search,new,39398.19
1046,23,2024-12-14,outbound,qualified,30029.77
1047,15,2024-11-21,search,won,28520.79
1048,2,2024-06-08,content,new,1997.23
1049,11,2024-05-17,search,new,18364.69
1050,6,2024-06-26,webinar,won,37131.37
1051,10,2024-11-14,partner,qualified,32788.08
1052,5,2023-12-11,content,qualified,31568.98
1053,19,2024-05-28,search,won,3372.94
1054,5,2024-12-07,webinar,won,43772.8
1055,19,2024-05-14,partner,lost,42417.89
1056,18,2024-12-08,events,new,36388.02
1057,5,2024-03-05,content,lost,17465.23
1058,16,2023-12-05,search,qualified,12674.0
1059,11,2024-12-24,events,qualified,3019.08
1060,18,2024-10-03,outbound,new,3879.48
1061,7,2024-01-09,partner,won,27799.54
1062,14,2024-10-17,events,lost,18086.85
1063,15,2024-10-09,outbound,lost,19102.43
1064,6,2024-03-30,events,qualified,32205.03
1065,3,2024-08-06,events,new,35041.78
1066,1,2024-06-25,content,new,38453.07
1067,24,2024-08-31,webinar,won,42592.06
1068,13,2024-07-03,partner,lost,14281.15
1069,14,2024-11-05,search,qualified,28376.01
1070,9,2024-07-07,events,qualified,10018.66
1071,17,2024-05-04,events,lost,5292.64
1072,8,2024-10-19,outbound,new,14648.8
1073,11,2024-11-29,partner,qualified,33370.66
1074,18,2023-11-30,webinar,lost,15315.92
1075,22,2024-08-16,search,lost,8005.62
1076,9,2023-10-27,events,new,8962.51
1077,3,2024-04-04,outbound,lost,36451.21
1078,7,2024-04-17,events,qualified,27032.34
1079,3,2024-11-09,partner,qualified,16118.27
1080,7,2024-10-24,partner,new,7106.51
1081,12,2024-05-13,webinar,new,7672.23
1082,19,2024-09-13,webinar,won,36101.15
1083,23,2024-09-24,webinar,new,43865.26
1084,10,2024-05-06,content,lost,18739.24
1085,1,2024-04-14,outbound,won,29523.4
1086,16,2024-10-02,outbound,lost,31199.06
1087,7,2024-11-07,partner,qualified,7643.38
1088,1,2024-10-05,search,qualified,14027.66
1089,14,2024-10-09,outbound,qualified,6430.59
1090,16,2024-04-01,events,lost,46322.73
1091,20,2024-10-26,webinar,lost,41270.19
1092,1,2024-03-07,search,qualified,21776.32
1093,22,2023-07-18,partner,qualified,17786.36
1094,16,2024-10-21,webinar,won,34184.19
1095,18,2023-10-02,events,new,15051.54
1096,11,2024-10-05,outbound,new,32646.7
1097,10,2023-12-19,events,lost,28296.8
1098,15,2024-05-11,search,new,42309.69
1099,1,2024-12-08,content,new,45400.3
1100,5,2024-10-03,events,new,8760.48
1101,19,2024-07-26,search,won,19844.78
1102,13,2024-01-26,partner,qualified,31298.67
1103,11,2023-07-08,outbound,new,38429.8
1104,11,2024-07-26,outbound,new,14979.58
1105,11,2024-10-11,content,new,28449.14
1106,7,2024-06-21,events,lost,32420.56
1107,16,2024-02-05,search,new,9264.97
1108,4,2024-10-26,partner,qualified,2259.11
1109,7,2024-10-30,outbound,won,41128.3
1110,16,2024-07-25,outbound,new,15447.79
1111,12,2023-09-23,search,new,34454.17
1112,20,2024-02-06,outbound,qualified,41942.51
1113,11,2024-07-16,content,won,4273.26
1114,2,2024-03-02,events,new,39371.54
1115,22,2023-11-17,content,lost,27005.28
1116,4,2024-05-17,search,lost,37726.76
1117,15,2024-04-03,search,new,35147.35
1118,12,2024-04-25,search,new,34096.01
1119,3,2024-06-30,search,new,2316.24
1120,9,2024-10-24,content,new,45885.2
1121,1,2024-11-10,partner,lost,33257.68
1122,9,2024-01-20,search,lost,7799.15
1123,24,2024-06-28,partner,won,1857.31
1124,16,2024-10-07,content,qualified,7157.4
1125,4,2024-02-25,partner,lost,22141.37
1126,16,2023-12-16,webinar,lost,4273.19
1127,15,2024-09-01,outbound,lost,31818.64
1128,6,2023-11-28,content,qualified,10006.85
1129,24,2024-11-02,search,lost,13272.65
1130,2,2024-04-04,partner,lost,43552.46
1131,18,2024-04-14,webinar,new,34584.04
1132,24,2024-08-10,content,lost,14484.53
1133,4,2024-02-03,webinar,new,16379.02
1134,5,2024-08-08,content,new,6884.59
1135,7,2024-01-28,content,lost,46254.69
1136,17,2023-10-28,webinar,new,46522.89
1137,10,2024-12-11,content,lost,7518.71
1138,17,2023-10-13,content,lost,28068.23
1139,21,2024-06-11,search,qualified,12524.18
1140,9,2024-08-17,events,new,34939.72
1141,17,2024-12-08,content,won,18788.11
1142,5,2024-12-11,partner,won,36224.53
1143,4,2024-05-02,content,new,46175.82
1144,4,2024-09-18,webinar,qualified,46338.01
1145,4,2024-01-02,content,lost,36947.78
1146,10,2024-08-19,partner,qualified,19755.21
1147,9,2024-11-29,content,lost,39908.99
1148,6,2024-12-27,webinar,qualified,46969.63
1149,15,2024-11-09,content,qualified,45797.35
1150,19,2024-08-06,search,qualified,2887.64
1151,12,2024-01-23,partner,qualified,21835.24
1152,23,2024-11-22,partner,qualified,32870.11
1153,12,2024-11-04,events,qualified,37483.06
1154,9,2024-07-11,outbound,won,19229.41
1155,7,2024-01-11,partner,new,10285.51
1156,12,2024-11-14,outbound,lost,24209.89
1157,8,2024-07-15,partner,lost,44499.29
1158,19,2024-10-19,webinar,lost,36349.33
1159,24,2024-11-08,events,new,32135.61
1160,19,2023-08-16,outbound,new,39113.01
1161,6,2024-06-06,content,new,9922.48
1162,15,2024-11-07,events,won,8519.66
1163,5,2024-03-26,search,lost,10172.34
1164,9,2024-02-13,webinar,lost,18185.43
1165,18,2024-05-26,outbound,qualified,17896.03
1166,8,2024-12-07,events,won,4107.4
1167,5,2024-04-23,events,lost,28847.91
1168,5,2024-10-17,webinar,qualified,46705.02
1169,5,2023-10-20,content,qualified,45780.94
1170,9,2024-10-28,partner,new,35348.75
1171,9,2024-12-11,content,qualified,6841.3
1172,18,2024-09-04,search,qualified,43249.1
1173,2,2024-03-13,events,lost,33098.42
1174,8,2024-03-08,search,new,34932.68
1175,22,2023-08-30,events,qualified,45213.33
1176,14,2024-11-03,webinar,won,27172.53
1177,16,2024-05-03,webinar,lost,10188.52
1178,7,2023-12-15,partner,qualified,10285.98
1179,17,2023-10-12,webinar,new,26213.99
1180,11,2024-10-09,webinar,new,45144.64
1181,17,2024-01-16,partner,won,24218.3
1182,9,2024-11-09,search,won,22528.32
1183,6,2024-03-09,webinar,lost,40719.91
1184,10,2024-11-18,partner,qualified,16505.38
1185,22,2024-06-11,search,lost,33166.47
1186,16,2024-12-06,search,qualified,46951.61
1187,6,2024-11-29,outbound,new,36956.69
1188,19,2024-07-28,webinar,lost,42614.02
1189,1,2024-12-13,search,qualified,4904.91
1190,6,2024-10-24,events,qualified,39036.61
1191,16,2024-12-23,events,qualified,13114.61
1192,2,2024-01-02,events,lost,21037.16
1193,16,2023-11-12,events,qualified,6131.99
1194,21,2024-11-10,webinar,lost,25129.34
1195,20,2024-11-16,webinar,new,44376.09
1196,9,2024-07-08,events,qualified,26309.76
1197,17,2024-12-17,events,qualified,18285.86
1198,4,2024-10-16,events,new,21019.11
1199,8,2024-03-06,search,new,29856.68
1200,17,2024-11-23,search,new,4606.27
1201,10,2024-09-22,events,won,8434.85
1202,17,2024-04-20,content,new,30945.66
1203,18,2024-09-19,outbound,qualified,18700.1
1204,18,2024-10-25,search,qualified,22858.17
1205,15,2024-01-21,search,lost,5916.28
1206,3,2024-01-01,outbound,lost,23631.77
1207,13,2023-09-18,webinar,new,5958.29
1208,20,2024-12-25,search,lost,28339.36
1209,4,2024-08-07,webinar,qualified,7602.27
1210,23,2023-10-16,content,new,1444.2
1211,8,2024-11-22,search,won,5994.32
1212,1,2024-07-23,outbound,new,47561.92
1213,10,2024-10-15,webinar,qualified,22489.49
1214,4,2023-12-09,outbound,new,10408.71
1215,20,2024-01-23,events,new,45919.95
1216,3,2024-09-04,events,qualified,35550.4
1217,7,2024-04-02,search,new,7945.68
1218,23,2024-03-01,events,won,22302.55
1219,8,2024-10-25,content,new,6987.26
1220,2,2024-12-08,events,lost,20414.77
1221,23,2023-08-21,partner,won,11188.99
1222,19,2024-11-13,webinar,lost,6970.67
1223,18,2024-05-19,partner,lost,47661.01
1224,5,2024-10-10,webinar,lost,18347.41
1225,10,2024-09-07,search,new,40737.03
1226,8,2024-07-20,search,lost,14907.0
1227,18,2023-11-21,events,qualified,7855.66
1228,21,2024-07-12,outbound,qualified,44328.04
1229,17,2024-12-15,webinar,new,32341.66
1230,24,2024-08-04,partner,qualified,25215.84
1231,5,2023-12-28,outbound,qualified,17857.58
1232,23,2024-11-02,events,lost,41145.67
1233,17,2023-11-05,content,qualified,35460.71
1234,23,2024-06-13,events,new,46258.23
1235,5,2024-06-09,webinar,lost,39141.97
1236,13,2024-09-01,events,lost,46247.16
1237,13,2024-08-09,partner,qualified,32560.46
1238,13,2024-03-23,search,new,31058.99
1239,12,2024-04-02,outbound,qualified,32425.86
1240,23,2024-12-12,webinar,qualified,12034.95
1241,18,2023-07-31,search,new,40927.07
1242,7,2024-09-30,partner,new,36399.07
1243,20,2024-11-08,search,qualified,34837.69
1244,6,2024-10-14,search,new,7170.09
1245,16,2024-11-14,events,lost,21727.0
1246,18,2024-08-08,webinar,lost,39878.17
1247,17,2023-09-10,content,lost,40360.66
1248,10,2023-12-26,events,qualified,40266.3
1249,22,2024-12-29,partner,lost,47985.8
1250,12,2024-03-20,events,new,40867.71
1251,14,2024-02-29,content,qualified,22963.76
1252,8,2023-07-30,outbound,lost,44194.44
1253,9,2024-04-14,content,qualified,19206.29
1254,11,2024-06-19,webinar,qualified,11833.75
1255,21,2024-11-22,outbound,qualified,18986.67
1256,23,2024-08-06,events,new,9403.49
1257,2,2024-04-23,search,lost,20618.13
1258,23,2023-09-11,content,lost,19639.14
1259,5,2024-04-07,outbound,new,36397.44
1260,1,2024-09-14,partner,qualified,29428.24
1261,11,2024-10-19,events,new,41913.99
1262,3,2024-08-22,events,lost,20256.09
1263,16,2024-08-19,search,qualified,31802.76
1264,11,2024-03-09,webinar,won,43740.42
1265,8,2024-10-11,content,lost,43975.5
1266,11,2023-11-08,content,lost,42351.99
1267,21,2023-12-22,search,qualified,8301.52
1268,16,2023-11-28,webinar,new,35583.39
1269,14,2024-12-19,partner,lost,22447.78
1270,9,2024-05-25,webinar,new,47514.6
1271,12,2023-07-13,partner,new,16075.81
1272,16,2024-11-28,events,lost,4405.13
1273,18,2024-12-26,events,lost,30066.69
1274,24,2023-08-08,search,qualified,38433.33
1275,14,2024-10-24,search,won,11904.47
1276,22,2023-09-02,events,qualified,13772.53
1277,12,2024-09-01,content,new,20658.01
1278,11,2024-03-25,webinar,lost,22909.01
1279,1,2024-03-13,search,qualified,23446.97
1280,19,2024-07-23,events,won,31836.88
1281,24,2024-01-02,webinar,won,12869.46
1282,14,2024-03-06,events,qualified,27616.77
1283,24,2024-09-29,outbound,new,47701.37
1284,3,2024-11-26,search,qualified,8519.54
1285,22,2024-02-19,partner,lost,3860.47
1286,22,2024-07-05,webinar,lost,37645.96
1287,11,2024-07-09,search,won,14296.61
1288,10,2023-09-25,content,new,41200.77
1289,3,2024-10-03,content,new,11222.7
1290,9,2024-09-05,outbound,qualified,21271.44
1291,24,2023-11-17,partner,won,33470.3
1292,6,2024-03-08,content,lost,34906.22
1293,17,2024-09-17,webinar,lost,6373.61
1294,6,2024-07-07,events,won,32662.04
1295,13,2023-09-05,outbound,new,9854.51
1296,15,2024-02-17,content,new,9469.27
1297,1,2023-12-01,search,new,16131.02
1298,4,2024-08-25,partner,won,15284.8
1299,18,2023-12-12,outbound,qualified,5712.17
1300,1,2024-06-09,events,new,12324.62
1301,16,2024-05-27,search,won,34774.14
1302,20,2024-12-02,outbound,new,27068.24
1303,14,2024-05-10,events,qualified,19930.69
1304,17,2023-12-07,webinar,lost,13134.14
1305,22,2024-02-27,webinar,lost,43484.71
1306,9,2024-04-30,events,won,4461.79
1307,15,2024-12-21,events,qualified,30477.86
1308,6,2024-08-06,outbound,qualified,16081.14
1309,17,2024-02-06,events,won,34384.0
1310,16,2024-06-11,webinar,won,6271.25
1311,4,2024-10-16,webinar,lost,9302.18
1312,11,2024-05-31,outbound,lost,20463.17
1313,5,2023-08-21,webinar,won,37680.13
1314,15,2024-11-15,outbound,new,26034.43
1315,17,2024-09-16,search,qualified,39829.59
1316,8,2023-12-13,outbound,won,37117.99
1317,11,2024-01-05,search,lost,17364.65
1318,12,2023-11-19,outbound,lost,11272.21
1319,24,2024-04-05,events,won,39767.19
1320,5,2023-10-24,partner,won,15204.61
1321,12,2024-12-13,partner,new,22830.24
1322,22,2024-11-04,webinar,lost,32322.77
1323,23,2024-01-13,content,lost,30055.37
1324,4,2024-02-09,content,qualified,34334.95
1325,20,2024-12-06,webinar,won,19256.31
1326,18,2024-08-13,events,lost,15643.77
1327,6,2024-06-06,events,qualified,6126.38
1328,8,2024-10-25,content,qualified,17638.75
1329,22,2024-11-14,events,qualified,18239.41
1330,6,2024-05-07,webinar,qualified,46804.16
1331,4,2024-08-28,webinar,new,7434.47
1332,14,2023-08-21,content,qualified,14072.4
1333,16,2023-12-02,outbound,new,41511.3
1334,19,2024-02-01,events,lost,30009.96
1335,5,2023-10-21,partner,qualified,47985.38
1336,23,2024-01-20,events,qualified,29537.69
1337,10,2024-10-29,webinar,new,23727.51
1338,24,2024-02-25,partner,lost,22957.92
1339,2,2024-06-13,outbound,lost,9039.32
1340,3,2024-10-09,webinar,qualified,42148.03
1341,23,2024-08-30,webinar,lost,7869.72
1342,21,2024-09-30,events,new,4524.06
1343,11,2024-02-26,webinar,new,31776.99
1344,12,2024-12-11,content,new,5029.71
1345,24,2024-09-17,content,lost,31385.91
1346,13,2024-12-07,events,qualified,13744.92
1347,14,2023-12-27,outbound,qualified,17787.76
1348,15,2024-11-10,partner,qualified,5127.64
1349,8,2023-11-19,content,new,8469.46
1350,21,2024-09-08,webinar,new,6551.7
1351,15,2024-10-08,outbound,new,39625.56
1352,23,2024-06-12,search,won,43180.48
1353,21,2024-09-22,partner,qualified,11235.5
1354,17,2024-02-22,search,lost,38492.9
1355,24,2024-03-15,events,qualified,44055.27
1356,20,2024-12-19,partner,qualified,28405.95
1357,14,2024-12-17,content,new,3440.56
1358,22,2024-03-12,outbound,new,28552.46
1359,10,2024-10-21,webinar,new,38956.88
1360,6,2024-12-21,events,new,4198.14
1361,16,2024-11-20,webinar,won,3527.12
1362,15,2024-11-28,events,qualified,19153.44
1363,15,2024-03-11,partner,won,24687.87
1364,21,2024-09-13,outbound,qualified,46265.38
1365,8,2024-05-15,search,lost,23556.1
1366,17,2024-11-20,webinar,won,18082.74
1367,15,2024-10-21,search,lost,18680.27
1368,11,2024-04-02,events,lost,16570.87
1369,21,2024-11-08,webinar,qualified,38459.03
1370,22,2023-12-14,outbound,lost,10422.08
1371,14,2024-08-22,content,lost,29170.35
1372,2,2024-08-07,webinar,new,32341.52
1373,7,2024-02-14,partner,new,39261.43
1374,18,2024-08-22,partner,qualified,1370.4
1375,23,2024-08-28,search,new,45081.48
1376,12,2024-12-26,outbound,lost,7508.16
1377,19,2024-10-20,content,new,7425.41
1378,10,2023-12-31,events,qualified,1794.21
1379,9,2024-01-26,events,lost,17968.37
1380,1,2024-01-15,content,lost,8556.87
1381,14,2024-07-05,search,won,11687.18
1382,9,2024-06-20,events,qualified,46646.08
1383,13,2023-09-10,events,won,30769.85
1384,15,2024-02-15,outbound,lost,11641.03
1385,9,2024-05-13,events,qualified,46609.62
1386,8,2024-04-15,partner,qualified,46510.88
1387,1,2024-10-04,outbound,lost,18425.35
1388,1,2024-02-02,events,qualified,33374.14
1389,3,2024-11-05,webinar,qualified,14274.49
1390,20,2024-01-26,partner,lost,39440.74
1391,23,2024-12-21,events,new,20002.1
1392,8,2024-04-03,partner,lost,24273.39
1393,5,2023-12-24,outbound,lost,7781.31
1394,23,2024-06-17,outbound,qualified,19327.36
1395,11,2024-10-30,webinar,lost,47507.36
1396,22,2024-07-19,content,new,47156.39
1397,7,2023-12-22,webinar,qualified,24350.44
1398,21,2024-09-24,events,new,26537.99
1399,17,2024-08-28,webinar,won,34203.1
1400,2,2024-05-09,events,lost,21475.38
1401,19,2024-05-11,partner,qualified,8479.55
1402,10,2024-09-20,outbound,lost,11059.93
1403,18,2024-12-08,content,qualified,25723.08
1404,18,2023-11-04,events,won,4474.54
1405,16,2024-03-16,webinar,qualified,5009.54
1406,24,2024-08-16,partner,won,23837.36
1407,7,2024-12-16,content,won,6727.38
1408,21,2023-11-14,events,qualified,42897.32
1409,20,2024-10-09,partner,won,18644.47
1410,11,2024-11-10,content,qualified,46904.97
1411,21,2023-10-28,content,new,13379.74
1412,23,2024-07-04,partner,won,23480.88
1413,22,2024-06-05,outbound,new,44106.31
1414,10,2024-09-07,outbound,won,26524.55
1415,6,2024-10-23,webinar,new,26646.59
1416,10,2024-11-27,search,new,9822.93
1417,7,2023-08-09,partner,qualified,4340.9
1418,1,2024-03-31,webinar,won,41381.76
1419,19,2023-10-19,search,won,21821.32
1420,4,2023-12-10,partner,qualified,22927.99
1421,4,2024-10-19,webinar,won,26125.68
1422,6,2024-03-09,events,qualified,2800.65
1423,12,2024-03-01,webinar,won,25572.71
1424,13,2024-01-29,search,lost,7127.94
1425,10,2024-05-24,content,lost,19197.12
1426,13,2024-01-11,search,qualified,43876.24
1427,6,2024-08-20,search,new,11832.43
1428,22,2024-07-20,content,lost,45396.12
1429,22,2024-02-14,webinar,qualified,2427.01
1430,14,2024-11-19,outbound,new,31736.18
1431,5,2023-09-03,webinar,new,2589.06
1432,3,2023-08-02,events,lost,32236.89
1433,18,2024-01-11,webinar,new,37123.27
1434,18,2024-01-21,webinar,new,1535.07
1435,2,2024-09-21,search,qualified,16190.52
1436,10,2024-12-23,events,qualified,41932.35
1437,13,2024-10-28,webinar,lost,3000.12
1438,10,2024-01-28,search,lost,33438.74
1439,20,2024-10-17,content,new,7197.22
1440,1,2024-12-02,partner,won,42969.5
1441,12,2023-09-09,webinar,qualified,38585.95
1442,5,2024-08-15,webinar,new,41268.46
1443,19,2023-10-27,webinar,new,21298.97
1444,19,2023-07-10,webinar,won,35998.0
1445,8,2023-12-07,partner,lost,17532.86
1446,11,2024-11-19,content,new,12714.95
1447,13,2024-05-31,events,lost,1848.83
1448,15,2024-04-27,webinar,won,26487.28
1449,3,2023-11-03,webinar,lost,44885.72
1450,22,2024-10-07,events,won,19158.69
1451,10,2023-12-19,content,new,19388.74
1452,3,2023-08-21,partner,qualified,14442.32
1453,9,2023-11-07,outbound,qualified,46145.45
1454,2,2024-12-09,outbound,new,40092.26
1455,3,2024-12-26,outbound,new,35570.95
1456,3,2024-09-02,content,qualified,44086.5
1457,17,2023-12-08,content,new,44792.59
1458,3,2024-07-23,outbound,new,23431.89
1459,8,2024-10-23,webinar,lost,20487.03
1460,20,2024-03-11,partner,won,4505.99
1461,20,2024-11-13,search,won,27076.28
1462,6,2024-10-08,search,qualified,15530.16
1463,9,2024-12-28,search,qualified,25295.51
1464,12,2024-11-25,events,lost,44259.62
1465,5,2024-10-12,content,qualified,35240.23
1466,20,2024-11-14,search,qualified,14450.44
1467,9,2024-07-12,webinar,lost,44099.81
1468,9,2024-06-22,webinar,new,23625.31
1469,11,2024-07-11,partner,new,47456.61
1470,17,2024-06-28,content,won,25609.04
1471,4,2024-02-12,content,lost,8309.08
1472,22,2023-08-08,outbound,lost,38734.48
1473,17,2023-10-24,search,qualified,10037.23
1474,5,2023-11-16,events,qualified,12353.96
1475,9,2024-05-20,content,lost,8096.13
1476,20,2024-05-16,search,qualified,17297.6
1477,22,2024-02-18,webinar,new,34139.27
1478,22,2023-10-15,webinar,lost,29370.35
1479,21,2024-11-04,content,new,4084.74
1480,14,2024-12-02,webinar,lost,44661.73
1481,12,2023-08-18,content,lost,38424.21
1482,2,2024-12-09,outbound,won,12670.68
1483,18,2024-12-20,webinar,new,43243.22
1484,8,2024-12-13,events,lost,42077.35
1485,18,2023-11-10,content,qualified,30107.51
1486,4,2024-05-31,partner,lost,42950.68
1487,14,2024-11-25,outbound,lost,29418.96
1488,22,2024-07-24,events,qualified,807.06
1489,21,2024-07-29,content,new,13596.49
1490,21,2024-06-05,partner,lost,39540.29
1491,18,2024-08-17,outbound,new,19342.89
1492,11,2023-09-13,content,new,24869.52
1493,14,2024-04-01,webinar,new,42181.13
1494,22,2023-07-22,content,lost,5850.15
1495,24,2024-10-19,partner,lost,28521.57
1496,5,2024-04-20,content,won,14796.37
1497,5,2024-04-01,outbound,qualified,8206.62
1498,8,2024-02-26,events,qualified,44788.41
1499,13,2024-07-06,content,won,4202.53
1500,10,2024-10-09,outbound,qualified,46112.96
