payment_id,invoice_id,paid_on,amount,method,status
1,1,2023-07-16,24125.29,ach,settled
2,2,2023-08-20,7540.92,ach,settled
3,3,2023-09-14,39315.69,card,settled
4,4,2023-10-12,8303.44,ach,settled
5,5,2023-11-17,13915.16,ach,settled
6,6,2023-12-18,25639.46,card,settled
7,7,2024-01-12,12841.97,wire,settled
8,8,2024-06-08,8548.1,card,settled
9,9,2024-07-09,44035.39,ach,settled
10,10,2024-08-22,7598.06,card,settled
11,11,2024-09-25,1676.46,ach,settled
12,13,2024-11-11,19944.2,wire,settled
13,14,2023-07-15,9773.19,ach,settled
14,15,2023-08-08,15638.32,wire,settled
15,16,2023-09-06,10655.7,ach,settled
16,18,2024-01-23,7353.14,ach,settled
17,19,2024-02-20,6097.2,wire,settled
18,20,2024-03-17,10457.19,wire,settled
19,21,2024-04-11,33660.62,wire,settled
20,22,2024-05-22,28411.84,wire,settled
21,23,2024-06-11,4668.86,ach,settled
22,26,2024-11-22,5850.24,ach,settled
23,28,2023-07-15,29523.26,ach,settled
24,29,2023-08-08,15170.7,wire,settled
25,30,2023-09-08,30338.59,ach,settled
26,31,2023-10-28,14075.84,card,settled
27,32,2023-11-24,18002.53,card,settled
28,33,2023-12-15,1635.41,card,settled
29,34,2024-01-14,39971.16,wire,settled
30,35,2024-02-22,35231.85,card,settled
31,37,2024-06-09,29084.14,wire,settled
32,38,2024-08-06,1860.63,wire,settled
33,40,2024-10-28,26056.89,card,settled
34,41,2024-11-06,26053.65,card,settled
35,43,2023-08-29,6898.19,ach,settled
36,44,2023-11-15,14947.9,card,settled
37,45,2024-02-20,29537.59,wire,settled
38,48,2024-09-22,23394.6,ach,settled
39,49,2024-10-12,30660.26,wire,settled
40,50,2024-11-15,25296.9,ach,settled
41,51,2024-12-20,20837.02,ach,settled
42,52,2023-07-08,11223.84,card,settled
43,53,2023-08-07,13449.44,card,settled
44,54,2023-09-20,12167.29,wire,settled
45,55,2023-10-22,6035.94,wire,settled
46,56,2023-11-27,42042.76,wire,settled
47,57,2023-12-16,2558.19,wire,settled
48,58,2024-02-21,3629.56,ach,settled
49,59,2024-03-08,11123.62,wire,settled
50,60,2024-04-08,11160.66,ach,settled
51,61,2024-05-19,23410.44,wire,settled
52,62,2024-06-28,32219.2,wire,settled
53,63,2024-07-16,24476.2,ach,settled
54,64,2024-09-16,2771.72,card,settled
55,65,2024-10-17,19938.89,ach,settled
56,66,2024-11-18,4162.38,ach,settled
57,68,2023-08-15,25347.36,ach,settled
58,71,2024-02-19,2507.7,ach,settled
59,73,2024-05-15,23115.45,card,settled
60,76,2024-10-08,9970.09,card,settled
61,77,2024-11-13,10041.14,ach,settled
62,78,2024-12-09,1054.4,wire,settled
63,80,2023-08-16,28801.71,wire,settled
64,83,2023-12-06,16551.48,wire,settled
65,84,2024-01-13,17541.78,card,settled
66,85,2024-02-19,24052.16,card,settled
67,87,2024-04-26,38134.5,wire,settled
68,88,2024-06-21,13690.94,ach,settled
69,89,2024-08-24,26276.93,wire,settled
70,90,2024-09-19,31709.8,ach,settled
71,91,2024-10-19,26443.62,card,settled
72,92,2024-11-17,11673.0,card,settled
73,93,2023-08-24,10264.31,ach,settled
74,94,2023-09-15,10293.21,card,settled
75,95,2023-10-12,25512.36,wire,settled
76,96,2023-12-16,38387.23,ach,settled
77,97,2024-01-23,30561.22,ach,settled
78,98,2024-02-11,22911.24,wire,settled
79,99,2024-03-14,15124.97,wire,settled
80,100,2024-04-14,3792.48,card,settled
81,101,2024-06-10,29494.04,ach,settled
82,102,2024-07-22,5812.62,wire,settled
83,103,2024-08-29,26580.65,card,settled
84,104,2024-09-26,4075.12,card,settled
85,105,2024-10-09,11448.31,ach,settled
86,107,2024-12-16,44032.16,wire,settled
87,108,2023-08-19,1156.32,ach,settled
88,109,2023-09-11,12918.0,wire,settled
89,110,2023-11-17,33280.92,wire,settled
90,111,2023-12-22,9623.91,ach,settled
91,112,2024-01-11,2515.29,ach,settled
92,114,2024-03-13,14471.25,wire,settled
93,116,2024-05-08,32448.4,card,settled
94,118,2024-07-17,2906.28,wire,settled
95,119,2024-08-30,8198.8,ach,settled
96,120,2024-09-10,10729.06,wire,settled
97,121,2024-11-07,2154.96,card,settled
98,122,2023-07-13,13076.67,ach,settled
99,123,2023-08-11,43454.03,wire,settled
100,124,2023-09-16,17766.62,wire,settled
101,125,2023-10-20,5748.4,wire,settled
102,126,2023-11-14,13938.62,ach,settled
103,127,2023-12-17,10416.65,card,settled
104,129,2024-03-12,22300.94,card,settled
105,130,2024-04-21,42724.53,ach,settled
106,131,2024-08-14,21337.4,wire,settled
107,132,2024-09-17,9613.75,ach,settled
108,133,2024-10-23,25855.61,card,settled
109,135,2023-08-12,6669.68,ach,settled
110,137,2023-12-25,10403.2,ach,settled
111,138,2024-01-09,40095.79,ach,settled
112,139,2024-02-24,26223.66,wire,settled
113,140,2024-03-15,1839.45,wire,settled
114,141,2024-04-26,13831.04,ach,settled
115,143,2024-09-24,20379.75,ach,settled
116,145,2023-09-17,34305.88,wire,settled
117,146,2023-11-23,43577.06,card,settled
118,147,2023-12-13,13836.06,card,settled
119,150,2024-06-17,39005.46,wire,settled
120,151,2024-07-26,6856.14,wire,settled
121,152,2024-08-19,17929.1,wire,settled
122,153,2024-09-21,6104.72,wire,settled
123,154,2024-10-16,14206.28,ach,settled
124,157,2023-08-21,58827.11,card,settled
125,158,2023-09-20,16787.76,ach,settled
126,159,2023-10-14,34988.45,wire,settled
127,161,2024-01-09,12835.6,ach,settled
128,163,2024-03-25,44531.46,card,settled
129,164,2024-04-14,24149.43,wire,settled
130,165,2024-05-14,9953.54,wire,settled
131,168,2024-10-26,5171.13,ach,settled
132,169,2024-11-17,39364.56,ach,settled
133,171,2023-07-27,9709.03,card,settled
134,172,2023-08-23,11585.25,card,settled
135,173,2023-09-25,15272.04,card,settled
136,174,2023-11-10,11431.6,wire,settled
137,175,2023-12-21,32944.04,card,settled
138,177,2024-04-12,28976.8,ach,settled
139,178,2024-05-07,19385.94,ach,settled
140,179,2024-06-20,23064.66,card,settled
141,180,2024-07-04,28355.75,ach,settled
142,181,2024-09-12,11852.45,card,settled
143,182,2024-10-26,47025.7,wire,settled
144,183,2024-11-09,21341.58,wire,settled
145,184,2023-07-10,16405.23,ach,settled
146,185,2023-08-16,55082.42,wire,settled
147,186,2023-09-12,22456.7,wire,settled
148,187,2023-10-14,18296.49,ach,settled
149,188,2023-12-08,15119.18,wire,settled
150,189,2024-01-18,40972.62,ach,settled
151,190,2024-02-09,6031.86,ach,settled
152,192,2024-05-21,6702.99,ach,settled
153,193,2024-10-28,1491.48,card,settled
154,194,2024-11-13,11225.05,card,settled
155,196,2023-07-23,14980.28,card,settled
156,197,2023-09-05,24841.21,wire,settled
157,198,2023-10-27,16405.5,wire,settled
158,199,2023-11-23,20959.26,card,settled
159,201,2024-04-22,14408.48,wire,settled
160,202,2024-05-23,5200.08,wire,settled
161,203,2024-06-19,10980.09,ach,settled
162,204,2024-07-10,14918.22,ach,settled
163,205,2024-08-18,61289.0,wire,settled
164,207,2024-10-20,36976.42,ach,settled
165,208,2024-11-15,4893.45,wire,settled
166,210,2023-08-21,26467.36,wire,settled
167,211,2023-10-15,18291.57,ach,settled
168,213,2024-02-07,26338.33,ach,settled
169,214,2024-03-28,653.55,wire,settled
170,216,2024-07-10,25517.53,card,settled
171,217,2024-08-19,7292.54,ach,settled
172,218,2024-09-25,12453.79,ach,settled
173,219,2024-11-04,11344.26,wire,settled
174,220,2024-12-19,20290.87,ach,settled
175,221,2023-07-26,57387.09,wire,settled
176,222,2023-10-17,21635.25,card,settled
177,223,2023-11-11,29964.7,card,settled
178,224,2023-12-13,28737.18,wire,settled
179,227,2024-03-15,3106.8,card,settled
180,228,2024-04-11,552.06,wire,settled
181,230,2024-07-26,6038.88,card,settled
182,231,2024-10-15,12177.2,card,settled
183,232,2024-11-29,46267.33,wire,settled
184,233,2024-12-23,5323.86,card,settled
185,236,2023-09-24,27768.53,card,settled
186,237,2023-10-24,11732.02,ach,settled
187,238,2023-11-11,46375.72,card,settled
188,239,2024-02-14,12185.73,wire,settled
189,240,2024-03-09,28825.8,card,settled
190,241,2024-04-07,11618.16,ach,settled
191,242,2024-05-19,2262.89,ach,settled
192,243,2024-06-19,7484.04,wire,settled
193,244,2024-09-19,28575.06,card,settled
194,245,2024-11-22,24092.02,wire,settled
195,246,2024-12-26,37288.14,card,settled
196,247,2023-07-27,17516.5,ach,settled
197,248,2023-08-07,36933.04,card,settled
198,249,2023-09-07,31932.15,ach,settled
199,250,2023-10-13,56991.78,wire,settled
200,251,2024-02-27,23620.76,wire,settled
201,252,2024-05-24,41217.17,wire,settled
202,253,2024-06-11,24361.83,wire,settled
203,254,2024-07-08,26833.41,ach,settled
204,255,2024-09-24,18968.88,wire,settled
205,257,2024-11-23,37935.05,ach,settled
206,258,2023-10-27,7828.68,card,settled
207,259,2024-01-12,13981.28,card,settled
208,260,2024-03-18,885.57,ach,settled
209,261,2024-04-19,24152.08,wire,settled
210,262,2024-05-07,27071.22,card,settled
211,263,2024-06-27,22402.72,ach,settled
212,264,2024-07-15,14964.5,card,settled
213,265,2024-09-08,26934.93,wire,settled
214,266,2024-10-13,25187.64,wire,settled
215,268,2023-07-26,25952.98,card,settled
216,269,2023-08-18,7240.14,ach,settled
217,272,2023-11-07,42760.16,card,settled
218,274,2024-01-16,17947.72,card,settled
219,275,2024-03-08,12117.27,card,settled
220,276,2024-04-10,38344.84,card,settled
221,277,2024-05-23,16441.66,wire,settled
222,278,2024-06-29,6394.71,ach,settled
223,279,2024-07-24,8121.87,card,settled
224,280,2024-09-09,40649.2,ach,settled
225,281,2024-11-10,13634.31,card,settled
226,282,2024-12-24,2228.9,wire,settled
227,283,2023-08-10,16042.66,card,settled
228,284,2023-10-14,20388.0,ach,settled
229,285,2023-12-24,33769.5,ach,settled
230,287,2024-06-22,19277.28,ach,settled
231,288,2024-07-24,14344.79,wire,settled
232,289,2024-09-24,35566.05,ach,settled
233,290,2024-11-10,26601.76,ach,settled
234,291,2024-12-08,42614.63,wire,settled
235,292,2023-10-14,590.04,wire,settled
236,293,2023-11-20,22513.46,wire,settled
237,295,2024-01-26,7824.12,wire,settled
238,296,2024-02-18,9312.0,wire,settled
239,297,2024-03-24,5600.9,card,settled
240,298,2024-04-25,3030.66,card,settled
241,299,2024-05-22,23373.4,ach,settled
242,300,2024-06-04,13547.78,card,settled
243,301,2024-07-07,4556.4,ach,settled
244,302,2024-08-19,15715.1,ach,settled
245,303,2024-09-15,6764.01,ach,settled
246,304,2024-11-21,2151.37,ach,settled
247,305,2024-12-25,4105.09,card,settled
248,306,2023-08-10,3293.04,wire,settled
249,307,2023-09-24,6754.03,wire,settled
250,308,2023-10-26,19244.75,ach,settled
251,309,2023-11-17,24974.49,ach,settled
252,310,2024-01-13,22165.5,card,settled
253,311,2024-03-24,28941.27,ach,settled
254,312,2024-06-10,5594.04,wire,settled
255,313,2024-07-18,22602.42,ach,settled
256,314,2024-09-27,17100.28,card,settled
257,315,2024-10-14,4373.8,card,settled
258,316,2024-11-15,21475.58,wire,settled
259,319,2023-08-08,22615.76,card,settled
260,320,2023-09-20,34723.72,ach,settled
261,321,2023-10-15,12638.05,card,settled
262,322,2023-11-11,31989.17,ach,settled
263,324,2024-01-27,7971.72,wire,settled
264,325,2024-03-13,6910.74,wire,settled
265,326,2024-04-13,1018.08,ach,settled
266,327,2024-05-16,13377.4,wire,settled
267,328,2024-06-21,6451.08,wire,settled
268,329,2024-07-14,24120.06,wire,settled
269,331,2024-12-08,27740.82,ach,settled
270,333,2023-10-18,15593.86,ach,settled
271,335,2024-01-07,5326.65,card,settled
272,336,2024-02-20,31423.52,ach,settled
273,337,2024-03-18,20398.65,wire,settled
274,338,2024-04-27,3049.08,card,settled
275,339,2024-06-25,17594.02,wire,settled
276,340,2024-07-24,54293.96,ach,settled
277,341,2024-08-08,12672.66,ach,settled
278,342,2024-10-19,5984.44,card,settled
279,343,2024-11-26,22899.47,wire,settled
280,344,2023-08-25,24799.79,wire,settled
281,345,2023-10-13,42116.63,card,settled
282,346,2023-12-20,36487.92,wire,settled
283,347,2024-01-12,10309.2,card,settled
284,348,2024-02-11,7198.44,wire,settled
285,349,2024-05-19,46093.73,card,settled
286,351,2024-09-08,33591.83,wire,settled
287,352,2024-11-09,21234.18,ach,settled
288,353,2024-12-07,33215.97,card,settled
289,355,2023-12-23,7810.58,card,settled
290,356,2024-02-08,27967.84,card,settled
291,357,2024-04-13,19630.1,ach,settled
292,358,2024-05-11,16128.87,wire,settled
293,359,2024-06-14,7877.52,ach,settled
294,360,2024-07-22,31044.19,card,settled
295,361,2024-08-19,14372.6,wire,settled
296,363,2024-11-10,24426.27,wire,settled
297,364,2024-12-10,11220.92,card,settled
298,365,2023-07-20,51197.54,wire,settled
299,366,2023-09-24,27788.77,wire,settled
300,367,2023-10-16,35104.32,card,settled
301,368,2023-12-17,2070.52,ach,settled
302,369,2024-01-18,976.94,card,settled
303,370,2024-02-16,29269.03,wire,settled
304,371,2024-04-07,41999.06,wire,settled
305,372,2024-05-21,25828.14,ach,settled
306,373,2024-07-22,28695.64,wire,settled
307,374,2024-08-10,13409.54,card,settled
308,375,2024-09-12,18236.82,ach,settled
309,376,2024-11-05,10657.15,wire,settled
310,377,2024-12-11,14133.57,card,settled
311,378,2023-08-08,24119.34,card,settled
312,379,2023-09-07,7183.52,wire,settled
313,380,2023-10-20,20656.52,wire,settled
314,381,2023-12-22,7815.65,ach,settled
315,382,2024-01-24,7505.13,ach,settled
316,383,2024-02-11,22305.45,wire,settled
317,384,2024-03-13,54638.86,wire,settled
318,385,2024-04-23,8205.47,card,settled
319,386,2024-05-25,7128.93,wire,settled
320,387,2024-06-16,24125.57,wire,settled
321,388,2024-07-14,7563.69,wire,settled
322,389,2024-08-11,1191.92,card,settled
323,390,2024-09-28,51272.72,wire,settled
324,391,2024-11-13,13848.49,card,settled
325,392,2024-12-18,30312.71,card,settled
326,393,2023-07-25,23607.12,card,settled
327,394,2023-08-23,28755.2,card,settled
328,395,2023-09-25,17752.19,ach,settled
329,396,2023-10-24,59928.39,ach,settled
330,399,2024-01-09,3926.79,card,settled
331,400,2024-02-24,40454.63,wire,settled
332,402,2024-04-27,32363.3,wire,settled
333,403,2024-05-08,1930.5,ach,settled
334,404,2024-06-09,23283.9,card,settled
335,405,2024-07-10,4729.26,card,settled
336,406,2024-08-21,30968.1,wire,settled
337,407,2024-09-07,38371.69,ach,settled
338,409,2024-11-23,14465.54,card,settled
339,410,2023-09-18,37360.33,wire,settled
340,411,2023-10-19,24848.33,ach,settled
341,412,2023-12-10,2709.07,ach,settled
342,413,2024-04-10,14066.71,card,settled
343,414,2024-05-10,12212.97,card,settled
344,415,2024-06-13,21097.72,ach,settled
345,416,2024-07-13,27446.42,ach,settled
346,417,2024-08-11,34777.51,card,settled
347,418,2024-09-27,3819.17,ach,settled
348,419,2024-10-06,28874.28,card,settled
349,421,2023-07-14,12597.8,ach,settled
350,423,2023-12-09,17265.0,ach,settled
351,424,2024-01-14,24298.33,ach,settled
352,425,2024-02-11,33428.59,wire,settled
353,426,2024-03-21,12821.9,card,settled
354,427,2024-05-22,1914.24,wire,settled
355,428,2024-06-07,18739.42,ach,settled
356,430,2024-08-13,27033.93,card,settled
357,431,2023-07-17,7478.91,wire,settled
358,433,2023-12-23,7392.76,wire,settled
359,434,2024-01-16,10140.27,card,settled
360,435,2024-02-13,9481.49,ach,settled
361,436,2024-03-10,20878.61,ach,settled
362,437,2024-04-15,54260.51,wire,settled
363,438,2024-05-16,28755.65,wire,settled
364,439,2024-10-08,9341.6,card,settled
365,440,2024-11-16,16321.16,card,settled
366,442,2023-07-10,27422.6,card,settled
367,443,2023-08-18,17452.61,card,settled
368,444,2023-09-07,42994.74,card,settled
369,445,2023-10-10,854.76,wire,settled
370,446,2023-11-14,37385.65,wire,settled
371,447,2023-12-13,11041.86,ach,settled
372,448,2024-02-09,45152.75,card,settled
373,449,2024-03-18,33367.4,wire,settled
374,450,2024-04-16,5335.2,wire,settled
375,451,2024-05-24,35279.98,card,settled
376,452,2024-06-11,38612.49,ach,settled
377,453,2024-09-06,9589.16,ach,settled
378,454,2024-11-17,6139.62,ach,settled
379,455,2024-12-08,4666.78,wire,settled
380,456,2023-07-26,33521.7,card,settled
381,457,2023-09-22,25893.06,wire,settled
382,458,2023-11-26,33003.8,ach,settled
383,459,2023-12-25,17796.87,card,settled
384,460,2024-01-09,50233.58,card,settled
385,461,2024-02-24,24517.84,wire,settled
386,462,2024-03-14,51879.24,card,settled
387,463,2024-05-26,31928.4,ach,settled
388,464,2024-06-08,6458.04,card,settled
389,465,2024-07-20,2904.2,card,settled
390,466,2024-08-09,24625.84,wire,settled
391,467,2024-09-26,33166.14,card,settled
392,468,2024-10-14,8516.5,card,settled
393,471,2023-10-05,25726.34,ach,settled
394,472,2023-11-14,20712.56,wire,settled
395,473,2023-12-23,37284.28,wire,settled
396,475,2024-02-28,7802.0,card,settled
397,476,2024-04-21,25349.04,card,settled
398,477,2024-06-06,12314.11,wire,settled
399,478,2024-07-24,28299.23,card,settled
400,479,2024-08-30,7656.21,ach,settled
401,480,2024-12-22,45475.9,card,settled
402,483,2023-10-19,12000.01,wire,settled
403,486,2024-01-24,7465.37,card,settled
404,488,2024-03-04,15076.72,wire,settled
405,489,2024-04-09,35252.72,wire,settled
406,490,2024-05-23,28095.88,card,settled
407,491,2024-06-15,12156.9,ach,settled
408,492,2024-08-23,5574.95,ach,settled
409,493,2024-09-29,24405.5,ach,settled
410,494,2024-10-12,20048.44,ach,settled
411,495,2024-11-27,5604.88,card,settled
412,496,2023-07-10,28881.95,card,settled
413,497,2023-08-11,11780.28,card,settled
414,498,2023-09-22,18546.2,ach,settled
415,499,2023-10-26,35434.0,wire,settled
416,501,2024-01-13,24147.79,ach,settled
417,502,2024-02-25,36799.46,ach,settled
418,503,2024-03-22,18730.5,wire,settled
419,504,2024-05-10,18018.9,ach,settled
420,505,2024-11-08,25899.28,ach,settled
421,506,2024-12-09,2987.24,ach,settled
422,508,2023-10-13,1705.08,wire,settled
423,509,2023-11-26,13625.04,card,settled
424,510,2023-12-10,36104.41,card,settled
425,511,2024-02-14,7010.22,wire,settled
426,513,2024-07-27,8078.71,wire,settled
427,514,2024-08-15,4080.66,ach,settled
428,515,2024-10-05,29143.21,wire,settled
429,516,2024-11-17,18303.46,ach,settled
430,517,2023-09-12,26712.65,card,settled
431,518,2023-10-22,15023.12,card,settled
432,520,2023-12-07,16199.4,ach,settled
433,521,2024-01-12,5411.65,ach,settled
434,522,2024-02-22,3986.61,wire,settled
435,523,2024-04-09,9841.33,card,settled
436,524,2024-06-28,15752.81,ach,settled
437,525,2024-09-07,24136.56,ach,settled
438,526,2024-11-25,48974.89,card,settled
439,527,2024-12-06,20134.34,card,settled
440,528,2023-07-13,31739.92,wire,settled
441,529,2023-08-23,24645.3,card,settled
442,531,2023-10-08,3382.82,wire,settled
443,532,2023-11-20,18296.61,card,settled
444,533,2023-12-07,18213.92,card,settled
445,534,2024-01-10,20904.59,card,settled
446,535,2024-02-15,23522.14,card,settled
447,536,2024-03-12,622.9,wire,settled
448,537,2024-04-18,2661.42,ach,settled
449,538,2024-05-11,41043.03,card,settled
450,539,2024-06-19,12707.76,ach,settled
451,540,2024-07-16,58748.67,wire,settled
452,541,2024-08-04,37545.4,wire,settled
453,542,2024-11-09,25454.94,card,settled
454,543,2024-12-09,3633.74,ach,settled
455,545,2023-08-07,2782.62,ach,settled
456,546,2023-09-27,9275.25,ach,settled
457,547,2023-10-12,21374.39,wire,settled
458,548,2023-12-21,28703.74,card,settled
459,550,2024-06-10,2906.46,ach,settled
460,551,2024-07-08,16367.03,ach,settled
461,552,2024-08-24,15068.62,card,settled
462,553,2024-10-06,15480.02,wire,settled
463,554,2023-07-14,13709.42,wire,settled
464,555,2023-08-19,26739.18,card,settled
465,556,2023-09-21,34969.54,wire,settled
466,557,2023-10-20,57634.08,wire,settled
467,558,2023-11-19,51059.07,wire,settled
468,560,2024-02-16,11769.09,card,settled
469,562,2024-05-20,3731.94,wire,settled
470,563,2024-06-17,17203.25,card,settled
471,564,2024-07-14,24888.95,wire,settled
472,565,2024-08-15,3186.41,ach,settled
473,566,2024-09-07,38487.88,wire,settled
474,567,2024-11-11,48521.58,ach,settled
475,569,2023-07-22,8419.41,ach,settled
476,570,2023-08-09,26641.82,card,settled
477,571,2023-09-25,42102.98,card,settled
478,573,2023-12-25,20263.3,ach,settled
479,574,2024-01-27,38513.88,card,settled
480,575,2024-02-17,20490.4,card,settled
481,576,2024-03-11,13293.3,wire,settled
482,577,2024-04-24,30018.38,ach,settled
483,580,2024-08-07,29460.96,wire,settled
484,581,2024-10-09,27442.45,wire,settled
485,582,2024-11-17,16448.87,ach,settled
486,583,2024-12-21,26020.98,ach,settled
487,584,2023-07-05,30782.02,card,settled
488,585,2023-09-17,32791.6,card,settled
489,586,2023-12-15,12038.84,ach,settled
490,587,2024-01-23,18762.92,ach,settled
491,588,2024-02-04,30477.18,wire,settled
492,589,2024-03-17,12962.7,wire,settled
493,590,2024-05-25,26522.23,card,settled
494,591,2024-06-21,7549.32,card,settled
495,592,2024-07-20,28712.94,wire,settled
496,593,2024-08-11,10435.51,wire,settled
497,594,2024-09-16,12161.12,wire,settled
498,595,2024-11-11,21841.56,wire,settled
499,596,2023-08-29,3886.5,ach,settled
500,597,2023-09-13,15179.42,ach,settled
501,598,2023-11-28,2975.9,card,settled
502,599,2023-12-25,50570.23,wire,settled
503,600,2024-01-11,10259.68,card,settled
504,601,2024-02-15,5266.7,wire,settled
505,602,2024-04-27,14244.58,wire,settled
506,603,2024-05-20,38538.44,card,settled
507,604,2024-06-15,12568.96,ach,settled
508,605,2024-07-09,21288.75,wire,settled
509,607,2024-10-06,10966.81,ach,settled
510,608,2024-11-26,21200.08,ach,settled
511,609,2023-07-22,6782.85,ach,settled
512,611,2023-09-27,37659.13,card,settled
513,612,2023-10-15,9380.56,wire,settled
514,613,2023-11-25,14093.15,wire,settled
515,614,2023-12-17,16257.8,card,settled
516,615,2024-01-14,13631.08,wire,settled
517,616,2024-02-20,9842.37,ach,settled
518,617,2024-03-20,10386.32,card,settled
519,619,2024-06-15,5468.56,wire,settled
520,620,2024-07-28,30908.14,card,settled
521,621,2024-08-14,36937.48,wire,settled
522,622,2024-09-15,37824.12,wire,settled
523,623,2024-10-13,24550.7,ach,settled
524,624,2024-11-12,18769.98,ach,settled
525,625,2024-12-06,38766.58,wire,settled
526,626,2023-07-09,11646.11,wire,settled
527,627,2023-09-08,10074.04,wire,settled
528,630,2024-02-04,1527.72,ach,settled
529,631,2024-03-12,8301.84,card,settled
530,633,2024-06-15,9559.31,wire,settled
531,634,2024-07-29,9253.56,ach,settled
532,635,2024-08-15,3623.76,ach,settled
533,636,2024-09-23,37848.28,card,settled
534,637,2024-10-13,14626.8,ach,settled
535,638,2024-11-16,23022.88,ach,settled
536,639,2023-07-21,13941.32,card,settled
537,642,2023-11-08,44436.66,wire,settled
538,643,2024-01-21,6962.96,card,settled
539,644,2024-02-11,24399.4,wire,settled
540,645,2024-04-11,3185.43,wire,settled
541,646,2024-05-21,19479.2,card,settled
542,647,2024-06-18,2591.16,wire,settled
543,648,2024-08-07,50022.02,ach,settled
544,650,2024-12-11,290.02,ach,settled
545,651,2023-07-24,11430.93,card,settled
546,652,2023-08-27,7660.28,ach,settled
547,655,2023-12-09,27487.1,ach,settled
548,656,2024-01-19,18117.48,wire,settled
549,657,2024-02-24,24279.2,card,settled
550,658,2024-03-14,55749.03,ach,settled
551,659,2024-04-17,23267.42,ach,settled
552,660,2024-06-07,26168.06,ach,settled
553,661,2024-07-18,8660.32,ach,settled
554,662,2024-09-22,5042.72,wire,settled
555,663,2024-10-25,12191.63,card,settled
556,664,2024-11-12,29632.4,wire,settled
557,665,2023-08-17,18905.35,wire,settled
558,666,2023-10-10,46319.87,card,settled
559,668,2024-01-14,25472.55,card,settled
560,670,2024-04-22,22118.32,card,settled
561,672,2024-07-16,28506.7,wire,settled
562,673,2024-09-26,4046.99,card,settled
563,674,2024-10-09,5049.2,wire,settled
564,675,2023-08-26,8696.65,ach,settled
565,676,2023-09-15,29063.09,ach,settled
566,677,2023-12-09,14215.42,wire,settled
567,678,2024-01-12,1964.26,wire,settled
568,679,2024-02-14,33503.81,wire,settled
569,680,2024-07-18,19804.06,wire,settled
570,681,2024-08-13,32737.48,wire,settled
571,682,2024-09-09,43630.46,card,settled
572,683,2024-10-15,6049.92,wire,settled
573,684,2024-11-09,39615.54,card,settled
574,687,2023-09-27,19687.57,card,settled
575,688,2023-10-26,16624.02,card,settled
576,689,2023-11-08,42590.64,card,settled
577,690,2023-12-25,40268.19,wire,settled
578,692,2024-03-26,9431.0,ach,settled
579,693,2024-04-07,16370.27,ach,settled
580,694,2024-05-24,6084.0,ach,settled
581,695,2024-08-27,33652.22,card,settled
582,696,2024-09-27,16058.24,ach,settled
583,697,2024-10-26,9596.95,card,settled
584,698,2024-12-15,3455.01,ach,settled
585,699,2023-08-13,38454.15,ach,settled
586,700,2023-09-28,15861.62,card,settled
587,701,2023-10-23,2023.83,ach,settled
588,702,2023-11-12,2535.65,card,settled
589,703,2023-12-09,20980.79,card,settled
590,704,2024-01-17,5294.13,card,settled
591,705,2024-02-09,48133.76,card,settled
592,706,2024-03-09,608.76,wire,settled
593,707,2024-04-07,13868.32,ach,settled
594,708,2024-06-16,23401.95,ach,settled
595,709,2024-07-09,46989.61,ach,settled
596,710,2024-08-18,27749.93,ach,settled
597,711,2024-09-11,2643.13,wire,settled
598,712,2024-10-16,31642.84,ach,settled
599,713,2024-12-18,23407.02,ach,settled
600,714,2023-07-10,2509.52,ach,settled
601,715,2023-09-14,10866.81,card,settled
602,716,2023-10-23,3272.94,card,settled
603,717,2023-11-15,5494.3,wire,settled
604,718,2024-01-17,26305.2,wire,settled
605,719,2024-02-18,28768.97,card,settled
606,720,2024-05-24,7644.0,ach,settled
607,721,2024-07-10,13761.25,ach,settled
608,722,2024-08-16,36742.5,wire,settled
609,723,2024-09-11,40051.3,wire,settled
610,724,2024-10-18,15400.71,card,settled
611,725,2024-12-20,3601.68,card,settled
612,726,2023-07-05,11562.85,ach,settled
613,727,2023-08-07,26311.48,card,settled
614,728,2023-09-15,41220.04,wire,settled
615,729,2023-10-29,22609.36,ach,settled
616,730,2023-11-19,30920.16,card,settled
617,731,2024-04-17,1773.13,wire,settled
618,732,2024-06-17,10161.48,card,settled
619,733,2024-07-05,15602.31,wire,settled
620,734,2024-09-13,19025.28,card,settled
621,735,2024-10-12,11819.36,wire,settled
622,736,2024-11-24,5476.4,ach,settled
623,737,2024-12-20,14332.15,ach,settled
624,738,2023-07-10,19871.54,card,settled
625,739,2023-09-24,27248.23,wire,settled
626,740,2024-01-25,33997.19,card,settled
627,741,2024-02-18,20750.53,card,settled
628,742,2024-03-15,6778.6,ach,settled
629,743,2024-05-22,9382.93,wire,settled
630,744,2024-06-08,38064.2,wire,settled
631,745,2024-09-24,9378.95,ach,settled
632,746,2024-10-16,8217.05,ach,settled
633,747,2024-12-14,10627.78,wire,settled
634,748,2023-07-30,3554.82,wire,settled
635,749,2023-08-15,5774.52,wire,settled
636,750,2023-10-18,5582.1,card,settled
637,751,2023-12-20,4732.11,ach,settled
638,752,2024-01-18,33208.1,wire,settled
639,755,2024-06-19,20667.57,card,settled
640,756,2024-10-23,15549.2,ach,settled
641,757,2024-11-29,20287.82,wire,settled
642,758,2024-12-15,1986.84,wire,settled
643,759,2023-07-16,15323.28,card,settled
644,760,2023-08-15,10161.07,card,settled
645,761,2023-11-24,22387.11,wire,settled
646,763,2024-03-26,41438.1,ach,settled
647,764,2024-04-22,10335.76,ach,settled
648,765,2024-05-05,28970.15,card,settled
649,766,2024-06-23,5910.1,wire,settled
650,767,2024-07-16,30665.33,wire,settled
651,768,2024-08-27,22478.32,ach,settled
652,769,2024-09-18,13809.74,wire,settled
653,771,2024-11-17,22421.45,card,settled
654,773,2023-09-23,640.26,ach,settled
655,775,2023-11-25,14191.2,card,settled
656,776,2023-12-29,28901.52,ach,settled
657,777,2024-02-12,3369.55,card,settled
658,778,2024-05-17,20078.78,ach,settled
659,780,2024-07-08,24531.5,wire,settled
660,781,2024-08-24,5970.5,card,settled
661,782,2024-09-08,34103.83,ach,settled
662,783,2024-10-24,16740.36,card,settled
663,784,2024-11-12,7575.03,ach,settled
664,785,2024-12-22,2776.12,card,settled
665,786,2023-07-15,23107.45,card,settled
666,787,2023-08-23,16140.58,card,settled
667,788,2023-09-10,20332.35,card,settled
668,789,2023-10-14,12975.82,wire,settled
669,791,2023-12-22,12647.86,ach,settled
670,792,2024-01-17,20090.7,card,settled
671,793,2024-02-22,16582.32,ach,settled
672,794,2024-03-18,3675.35,card,settled
673,796,2024-05-07,39311.5,ach,settled
674,797,2024-06-12,8471.92,card,settled
675,798,2024-09-20,13473.31,ach,settled
676,799,2023-07-06,13753.01,card,settled
677,800,2023-08-20,21624.99,ach,settled
678,801,2023-09-21,61938.77,wire,settled
679,802,2023-10-27,19909.64,card,settled
680,804,2023-12-22,22024.61,ach,settled
681,805,2024-02-16,2096.91,card,settled
682,806,2024-06-21,5375.55,card,settled
683,807,2024-07-12,2220.8,ach,settled
684,809,2024-09-16,34888.06,wire,settled
685,811,2024-11-13,19365.87,card,settled
686,812,2024-12-23,15166.26,card,settled
687,813,2023-07-19,13638.3,wire,settled
688,814,2023-09-09,17955.11,ach,settled
689,815,2023-10-07,13497.54,wire,settled
690,817,2023-12-12,28264.91,ach,settled
691,818,2024-01-28,18629.59,card,settled
692,819,2024-03-07,25079.6,card,settled
693,820,2024-04-08,13702.5,card,settled
694,821,2024-05-27,11187.56,card,settled
695,822,2024-06-23,6987.68,card,settled
696,823,2024-07-25,924.12,card,settled
697,825,2024-11-26,46118.8,wire,settled
698,826,2024-12-06,20746.7,card,settled
699,827,2023-07-14,33454.38,ach,settled
700,829,2023-12-09,14323.72,ach,settled
701,830,2024-01-10,31096.1,card,settled
702,831,2024-03-09,9236.58,card,settled
703,832,2024-05-19,19604.76,card,settled
704,834,2024-07-15,10891.08,card,settled
705,835,2024-08-21,25918.1,ach,settled
706,838,2024-11-11,42983.03,ach,settled
707,839,2023-07-13,18398.9,wire,settled
708,840,2023-08-27,1068.54,wire,settled
709,841,2023-09-05,29683.79,wire,settled
710,842,2023-10-10,49056.28,ach,settled
711,843,2023-12-29,3136.21,wire,settled
712,844,2024-04-26,2811.14,wire,settled
713,845,2024-05-24,7858.32,ach,settled
714,846,2024-06-17,17233.35,card,settled
715,847,2024-08-28,28455.5,wire,settled
716,848,2024-10-18,27044.27,card,settled
717,849,2024-11-07,7447.32,wire,settled
718,850,2024-12-13,16294.23,card,settled
719,852,2023-08-25,35046.08,ach,settled
720,854,2024-01-29,16240.21,card,settled
721,855,2024-02-09,31122.21,wire,settled
722,856,2024-03-29,13819.9,wire,settled
723,857,2024-04-26,8203.12,card,settled
724,858,2024-05-19,18673.34,wire,settled
725,859,2024-06-10,12589.87,card,settled
726,860,2024-07-07,53278.04,ach,settled
727,861,2024-09-15,22578.29,ach,settled
728,862,2024-10-21,31519.13,ach,settled
729,863,2024-11-18,5760.24,card,settled
730,865,2023-09-21,6515.34,ach,settled
731,866,2023-10-07,13137.02,card,settled
732,867,2023-11-21,27171.52,card,settled
733,869,2024-03-08,18306.63,card,settled
734,870,2024-04-18,42063.55,card,settled
735,871,2024-05-16,17855.54,card,settled
736,872,2024-06-22,51427.07,ach,settled
737,874,2024-09-23,58527.02,wire,settled
738,875,2024-10-23,2462.36,wire,settled
739,876,2024-12-28,37683.1,wire,settled
740,877,2023-07-16,32578.7,ach,settled
741,878,2023-10-09,4509.77,card,settled
742,879,2023-12-09,21998.35,wire,settled
743,880,2024-01-11,7833.35,card,settled
744,881,2024-02-09,2646.16,wire,settled
745,882,2024-03-29,3297.53,ach,settled
746,883,2024-04-20,34563.58,ach,settled
747,884,2024-05-10,10592.94,card,settled
748,886,2024-10-13,18103.82,ach,settled
749,887,2024-11-18,21926.22,ach,settled
750,888,2024-12-15,5792.29,ach,settled
751,889,2023-07-29,47373.59,wire,settled
752,891,2023-09-22,1194.93,card,settled
753,892,2023-12-17,14037.24,card,settled
754,893,2024-01-17,1913.8,ach,settled
755,895,2024-03-21,35205.04,wire,settled
756,896,2024-04-13,19378.05,ach,settled
757,897,2024-05-21,16902.8,ach,settled
758,898,2024-08-22,15181.55,ach,settled
759,899,2024-09-15,8760.5,card,settled
760,900,2024-10-21,5179.59,ach,settled
761,901,2024-11-21,30884.0,wire,settled
762,902,2024-12-23,44477.03,card,settled
763,903,2023-07-14,35970.59,card,settled
764,904,2023-09-07,7142.74,card,settled
765,905,2023-10-23,22548.9,card,settled
766,906,2023-12-25,21078.94,card,settled
767,907,2024-01-05,14847.54,card,settled
768,908,2024-02-17,22114.0,wire,settled
769,909,2024-03-08,60653.46,wire,settled
770,910,2024-04-11,18686.16,card,settled
771,911,2024-06-24,25619.44,wire,settled
772,912,2024-07-16,47080.65,ach,settled
773,913,2024-09-22,3300.4,wire,settled
774,914,2024-10-13,13329.36,wire,settled
775,915,2024-11-19,8476.96,wire,settled
776,916,2023-08-16,13783.8,wire,settled
777,917,2023-09-13,13758.51,ach,settled
778,918,2023-11-10,67621.51,ach,settled
779,919,2024-01-17,25826.67,card,settled
780,920,2024-02-07,17610.51,wire,settled
781,921,2024-03-07,31534.44,card,settled
782,923,2024-06-16,32009.3,card,settled
783,925,2024-11-17,20143.79,ach,settled
784,926,2024-12-16,8053.48,wire,settled
785,928,2023-11-21,59930.67,card,settled
786,929,2023-12-10,12049.12,wire,settled
787,930,2024-01-23,7627.16,card,settled
788,931,2024-02-13,4511.29,wire,settled
789,932,2024-03-24,3071.32,ach,settled
790,933,2024-04-09,8427.86,card,settled
791,934,2024-05-13,7345.93,ach,settled
792,935,2024-06-22,31430.45,wire,settled
793,936,2024-07-28,438.5,wire,settled
794,937,2024-08-19,52810.13,ach,settled
795,940,2024-12-04,11792.93,ach,settled
796,942,2023-09-27,61798.94,ach,settled
797,944,2024-01-19,20247.91,card,settled
798,945,2024-02-24,19802.39,card,settled
799,946,2024-04-26,19809.9,wire,settled
800,947,2024-07-20,4247.46,wire,settled
801,948,2024-08-08,30938.13,ach,settled
802,949,2024-10-07,28688.05,ach,settled
803,950,2023-07-28,15071.44,card,settled
804,952,2023-10-12,25403.44,wire,settled
805,953,2023-12-07,29570.02,card,settled
806,954,2024-01-16,32610.51,ach,settled
807,955,2024-05-15,51128.7,ach,settled
808,956,2024-07-25,32638.42,ach,settled
809,957,2024-08-11,850.52,card,settled
810,958,2024-09-10,20623.52,wire,settled
811,959,2024-10-14,58662.18,wire,settled
812,961,2024-12-06,5714.76,card,settled
813,962,2023-09-21,2091.72,card,settled
814,963,2023-10-06,18809.81,ach,settled
815,964,2023-11-22,12447.96,wire,settled
816,965,2023-12-07,28324.11,ach,settled
817,966,2024-02-19,31183.23,wire,settled
818,967,2024-03-30,29194.18,card,settled
819,968,2024-04-14,31477.32,card,settled
820,969,2024-05-07,6434.31,ach,settled
821,970,2024-06-15,27300.08,ach,settled
822,971,2024-07-21,20011.39,card,settled
823,972,2024-08-22,13652.8,card,settled
824,974,2023-07-13,11455.4,wire,settled
825,975,2023-08-25,18714.42,ach,settled
826,976,2023-10-24,41561.42,card,settled
827,977,2023-11-10,27438.03,card,settled
828,980,2024-02-27,12214.82,card,settled
829,981,2024-03-19,15355.02,ach,settled
830,982,2024-05-13,28079.18,card,settled
831,983,2024-06-29,2831.36,wire,settled
832,984,2024-07-15,29389.68,wire,settled
833,985,2024-09-06,2155.86,wire,settled
834,987,2024-11-12,13013.22,ach,settled
835,988,2023-07-26,14894.16,ach,settled
836,989,2023-08-25,7684.2,card,settled
837,991,2023-11-25,26322.24,wire,settled
838,992,2023-12-28,7202.32,ach,settled
839,993,2024-01-18,33078.46,card,settled
840,994,2024-02-24,4122.08,card,settled
841,995,2024-03-21,8679.3,ach,settled
842,996,2024-04-18,12273.78,ach,settled
843,997,2024-05-19,57852.92,ach,settled
844,998,2024-06-24,4931.08,ach,settled
845,999,2024-07-19,1698.39,card,settled
846,1000,2024-08-21,12209.76,card,settled
847,1001,2024-09-27,6280.48,wire,settled
848,1002,2024-11-16,16440.06,card,settled
849,1003,2024-12-22,11191.95,card,settled
850,1004,2023-07-28,6140.47,wire,settled
851,1005,2023-10-23,12437.24,ach,settled
852,1006,2023-11-12,23923.1,ach,settled
853,1007,2023-12-24,16838.32,card,settled
854,1008,2024-01-23,47591.9,wire,settled
855,1009,2024-02-29,12346.81,card,settled
856,1010,2024-03-20,6227.61,ach,settled
857,1011,2024-04-23,833.13,wire,settled
858,1012,2024-06-07,33061.48,ach,settled
859,1013,2024-07-25,21800.48,wire,settled
860,1015,2024-09-13,12749.83,card,settled
861,1016,2024-11-10,14695.3,wire,settled
862,1017,2023-07-30,17174.6,wire,settled
863,1018,2023-10-29,28672.7,card,settled
864,1019,2023-11-14,10943.34,card,settled
865,1020,2023-12-08,18010.79,card,settled
866,1021,2024-01-24,18002.44,card,settled
867,1022,2024-02-07,31085.08,ach,settled
868,1023,2024-03-15,13692.72,card,settled
869,1024,2024-04-20,27562.0,wire,settled
870,1026,2024-10-27,18548.19,ach,settled
871,1027,2023-07-25,2310.24,ach,settled
872,1028,2023-08-27,28773.07,wire,settled
873,1029,2023-10-26,20535.94,ach,settled
874,1030,2023-11-27,25072.0,card,settled
875,1031,2024-01-22,5245.26,card,settled
876,1033,2024-03-18,21111.0,ach,settled
877,1034,2024-04-14,47900.64,wire,settled
878,1035,2024-05-19,10260.62,wire,settled
879,1036,2024-06-25,22265.04,wire,settled
880,1037,2024-07-07,23254.25,ach,settled
881,1038,2024-09-22,21592.86,ach,settled
882,1039,2024-10-18,18603.72,ach,settled
883,1040,2024-11-10,22460.08,card,settled
884,1041,2024-12-18,7848.04,card,settled
885,1042,2023-07-22,13366.69,card,settled
886,1043,2023-10-21,40360.15,card,settled
887,1044,2023-11-22,34258.14,card,settled
888,1045,2023-12-28,38729.7,ach,settled
889,1046,2024-01-29,32362.77,card,settled
890,1048,2024-03-26,13653.89,wire,settled
891,1049,2024-04-18,27002.6,ach,settled
892,1050,2024-06-17,31512.86,ach,settled
893,1051,2024-07-17,38796.87,ach,settled
894,1052,2024-09-11,34062.74,ach,settled
895,1053,2024-10-13,26758.08,ach,settled
896,1054,2024-12-27,24562.8,ach,settled
897,1055,2023-07-08,10229.07,wire,settled
898,1056,2023-08-12,42200.16,card,settled
899,1057,2023-09-05,12446.25,wire,settled
900,1058,2023-10-21,1890.76,wire,settled
901,1059,2023-11-26,32158.8,wire,settled
902,1060,2023-12-14,40185.76,ach,settled
903,1062,2024-05-10,38260.22,card,settled
904,1063,2024-07-12,5217.44,card,settled
905,1064,2024-08-23,17247.28,ach,settled
906,1065,2024-09-20,8609.9,wire,settled
907,1066,2024-10-19,17238.92,ach,settled
908,1067,2024-11-13,24951.63,wire,settled
909,1068,2024-12-15,8437.96,card,settled
910,1069,2023-07-09,9220.08,wire,settled
911,1071,2023-12-12,49406.57,ach,settled
912,1072,2024-01-12,43650.27,wire,settled
913,1073,2024-03-04,30634.24,card,settled
914,1074,2024-05-21,6539.04,card,settled
915,1075,2024-06-23,20895.34,ach,settled
916,1076,2024-08-22,36586.2,ach,settled
917,1077,2024-11-10,20661.41,card,settled
918,1079,2023-12-12,17746.18,ach,settled
919,1080,2024-04-22,43094.09,ach,settled
920,1081,2024-05-17,10501.97,wire,settled
921,1082,2024-06-09,44639.12,wire,settled
922,1083,2024-08-10,18178.8,wire,settled
923,1084,2024-09-18,13814.65,ach,settled
924,1086,2024-12-27,17323.65,wire,settled
925,1087,2023-08-07,17822.52,ach,settled
926,1088,2023-09-06,22190.95,card,settled
927,1089,2023-10-28,1732.59,wire,settled
928,1090,2023-11-26,19927.47,ach,settled
929,1092,2024-02-15,20744.94,wire,settled
930,1093,2024-03-14,25814.6,card,settled
931,1094,2024-04-10,7718.2,card,settled
932,1095,2024-05-23,31140.68,wire,settled
933,1096,2024-06-10,18378.96,wire,settled
934,1097,2024-07-06,24221.32,wire,settled
935,1098,2024-08-25,12734.7,ach,settled
936,1099,2024-09-16,5335.98,card,settled
937,1100,2024-11-27,292.87,ach,settled
938,1101,2024-12-14,1463.67,wire,settled
939,1102,2023-07-16,5194.5,card,settled
940,1103,2023-10-20,3433.9,ach,settled
941,1104,2023-11-07,36641.95,ach,settled
942,1105,2023-12-08,24776.46,ach,settled
943,1106,2024-01-17,2358.69,card,settled
944,1107,2024-03-19,15768.8,wire,settled
945,1109,2024-07-25,18118.68,wire,settled
946,1110,2024-08-20,24380.67,ach,settled
947,1111,2024-10-19,24524.27,ach,settled
948,1112,2024-12-19,14763.54,card,settled
949,1113,2023-07-12,43410.99,card,settled
950,1114,2023-08-21,26922.46,wire,settled
951,1115,2023-10-14,1364.8,card,settled
952,1116,2023-12-18,8131.17,card,settled
953,1117,2024-01-13,24247.32,ach,settled
954,1118,2024-03-14,9680.55,card,settled
955,1119,2024-04-14,46301.86,ach,settled
956,1120,2024-05-25,32883.57,ach,settled
957,1121,2024-07-14,14182.5,wire,settled
958,1122,2024-08-24,23958.9,card,settled
959,1123,2024-09-30,7467.49,wire,settled
960,1124,2024-11-09,23768.43,card,settled
961,1125,2024-12-24,10196.34,card,settled
962,1126,2023-07-11,11660.1,wire,settled
963,1127,2023-08-21,17903.94,ach,settled
964,1128,2024-01-27,12330.01,wire,settled
965,1129,2024-02-16,39155.07,wire,settled
966,1130,2024-03-19,25525.18,wire,settled
967,1131,2024-04-15,23966.33,ach,settled
968,1133,2024-06-12,11954.8,ach,settled
969,1137,2023-07-26,15326.0,wire,settled
970,1138,2023-09-22,16560.05,ach,settled
971,1139,2023-11-24,25435.68,ach,settled
972,1141,2024-04-16,13547.26,card,settled
973,1142,2024-06-13,11247.45,wire,settled
974,1143,2024-07-07,30074.56,ach,settled
975,1144,2024-09-15,41042.38,card,settled
976,1146,2024-12-11,1491.75,ach,settled
977,1147,2023-07-14,16509.36,ach,settled
978,1148,2023-08-17,23552.19,ach,settled
979,1149,2023-09-27,52093.56,ach,settled
980,1150,2023-10-21,14046.48,wire,settled
981,1151,2023-12-13,21442.17,card,settled
982,1152,2024-01-10,55037.09,ach,settled
983,1153,2024-02-10,10832.29,ach,settled
984,1154,2024-03-16,5542.6,card,settled
985,1155,2024-04-16,7010.24,card,settled
986,1156,2024-05-28,41312.88,card,settled
987,1157,2024-06-22,4433.58,ach,settled
988,1159,2024-09-16,9465.24,ach,settled
989,1160,2024-10-25,26865.01,ach,settled
990,1161,2024-11-09,30544.53,wire,settled
991,1162,2024-12-12,7861.35,ach,settled
992,1163,2023-07-15,33072.16,card,settled
993,1164,2023-08-29,38190.58,card,settled
994,1165,2023-11-23,25680.25,wire,settled
995,1166,2023-12-16,49368.75,card,settled
996,1168,2024-03-15,2782.26,card,settled
997,1169,2024-05-08,21064.44,card,settled
998,1170,2024-06-25,6473.76,card,settled
999,1171,2024-07-26,776.73,ach,settled
1000,1172,2024-08-07,2507.3,wire,settled
1001,1173,2024-09-17,396.91,card,settled
1002,1174,2024-10-04,5387.11,ach,settled
1003,1175,2024-11-17,13869.25,card,settled
1004,1176,2023-09-08,747.9,wire,settled
1005,1177,2023-10-13,15112.7,card,settled
1006,1178,2023-11-09,30771.28,wire,settled
1007,1179,2023-12-05,4942.59,wire,settled
1008,1180,2024-01-07,3653.0,ach,settled
1009,1181,2024-02-05,6247.3,card,settled
1010,1182,2024-03-26,22048.4,wire,settled
1011,1183,2024-04-20,17787.94,ach,settled
1012,1184,2024-05-21,11490.82,card,settled
1013,1185,2024-06-09,34801.78,ach,settled
1014,1186,2024-07-20,28793.14,wire,settled
1015,1187,2024-09-08,15959.52,ach,settled
1016,1188,2024-10-20,7075.88,card,settled
1017,1190,2024-12-22,48232.16,card,settled
1018,1191,2023-07-26,43719.98,ach,settled
1019,1193,2023-10-21,12085.12,card,settled
1020,1194,2024-02-22,9416.33,card,settled
1021,1196,2024-06-23,12965.35,wire,settled
1022,1197,2024-07-30,29307.18,wire,settled
1023,1198,2024-08-21,9665.01,card,settled
1024,1199,2024-09-16,34505.64,wire,settled
1025,1202,2023-08-10,10493.84,card,settled
1026,1203,2023-09-23,14632.12,ach,settled
1027,1205,2023-12-14,35790.38,card,settled
1028,1206,2024-01-16,20734.1,ach,settled
1029,1207,2024-02-11,2341.62,wire,settled
1030,1209,2024-05-21,5101.56,card,settled
1031,1210,2024-06-23,9830.5,ach,settled
1032,1211,2024-07-26,43771.3,ach,settled
1033,1212,2024-08-04,22127.54,card,settled
1034,1213,2024-09-09,18106.18,card,settled
1035,1215,2024-11-09,11521.95,card,settled
1036,1216,2024-12-25,2839.14,card,settled
1037,1217,2023-07-25,12638.36,ach,settled
1038,1218,2023-08-20,17293.74,card,settled
1039,1219,2023-09-27,27907.26,wire,settled
1040,1220,2023-10-25,30455.23,card,settled
1041,1221,2023-12-19,9915.23,wire,settled
1042,1223,2024-03-17,46431.98,ach,settled
1043,1224,2024-04-16,43027.51,ach,settled
1044,1225,2024-05-28,29890.08,card,settled
1045,1226,2024-06-10,5787.06,wire,settled
1046,1227,2024-07-26,18167.28,ach,settled
1047,1228,2024-08-24,1324.4,wire,settled
1048,1230,2024-10-17,16083.92,ach,settled
1049,1231,2024-11-23,9439.56,card,settled
1050,1232,2023-08-21,49948.83,wire,settled
1051,1233,2023-11-09,21280.78,wire,settled
1052,1234,2023-12-30,20481.2,ach,settled
1053,1235,2024-01-10,11272.3,wire,settled
1054,1237,2024-03-19,50983.8,ach,settled
1055,1238,2024-05-22,22062.95,card,settled
1056,1239,2024-06-27,21642.89,card,settled
1057,1240,2024-07-09,11123.74,wire,settled
1058,1242,2023-07-26,13033.7,ach,settled
1059,1243,2023-08-25,10351.25,wire,settled
1060,1246,2023-11-24,10849.9,card,settled
1061,1247,2023-12-15,1668.1,ach,settled
1062,1248,2024-03-28,15401.84,ach,settled
1063,1249,2024-04-15,20409.3,wire,settled
1064,1250,2024-05-30,33504.2,card,settled
1065,1252,2024-07-19,3208.94,card,settled
1066,1254,2024-09-17,21635.28,ach,settled
1067,1255,2024-10-24,34591.38,wire,settled
1068,1257,2023-10-04,24721.32,ach,settled
1069,1258,2023-11-08,6198.44,card,settled
1070,1259,2023-12-10,23074.32,ach,settled
1071,1260,2024-01-12,41990.71,card,settled
1072,1261,2024-02-16,6351.71,wire,settled
1073,1262,2024-03-22,18881.79,wire,settled
1074,1263,2024-04-18,23741.19,card,settled
1075,1266,2024-08-15,18154.06,ach,settled
1076,1267,2024-09-19,33488.97,card,settled
1077,1268,2024-10-24,5808.4,ach,settled
1078,1269,2024-11-21,30365.72,ach,settled
1079,1270,2024-12-23,23740.48,card,settled
1080,1272,2023-12-12,2134.1,wire,settled
1081,1273,2024-02-12,46011.62,card,settled
1082,1274,2024-04-19,28301.55,card,settled
1083,1275,2024-05-12,256.34,ach,settled
1084,1276,2024-07-21,2605.04,wire,settled
1085,1277,2024-08-10,17842.72,ach,settled
1086,1278,2024-09-28,25992.63,ach,settled
1087,1279,2024-12-22,30137.84,wire,settled
1088,1280,2023-07-08,649.04,wire,settled
1089,1281,2023-08-12,9690.96,card,settled
1090,1282,2023-09-18,36501.54,wire,settled
1091,1283,2023-10-22,3903.26,ach,settled
1092,1284,2023-11-07,40605.36,ach,settled
1093,1287,2024-02-17,37226.85,wire,settled
1094,1289,2024-04-22,41078.04,ach,settled
1095,1290,2024-05-06,17885.54,wire,settled
1096,1291,2024-06-07,10639.11,wire,settled
1097,1292,2024-07-08,15960.35,ach,settled
1098,1293,2024-08-25,42590.6,card,settled
1099,1294,2024-09-09,31480.29,ach,settled
1100,1295,2024-11-15,5145.6,ach,settled
1101,1296,2024-12-25,31386.52,wire,settled
1102,1297,2023-07-10,57233.67,ach,settled
1103,1298,2023-08-13,7499.96,card,settled
1104,1299,2023-09-28,4446.36,wire,settled
1105,1300,2023-10-20,542.33,wire,settled
1106,1302,2024-01-17,5278.98,card,settled
1107,1303,2024-03-17,4328.7,card,settled
1108,1304,2024-04-22,15928.64,ach,settled
1109,1305,2024-05-28,33503.49,card,settled
1110,1306,2024-06-13,25507.15,card,settled
1111,1307,2024-07-09,35392.02,wire,settled
1112,1308,2024-08-22,5761.05,wire,settled
1113,1309,2024-09-13,9146.43,ach,settled
1114,1310,2024-10-19,25793.2,ach,settled
1115,1311,2024-11-16,24100.34,ach,settled
1116,1312,2024-12-17,26978.67,ach,settled
1117,1313,2023-08-22,6442.9,card,settled
1118,1314,2023-09-08,14539.02,card,settled
1119,1315,2023-11-08,17525.22,card,settled
1120,1316,2024-01-13,11737.18,wire,settled
1121,1317,2024-04-27,2560.48,ach,settled
1122,1319,2024-08-26,59883.01,ach,settled
1123,1320,2024-10-12,3172.86,wire,settled
1124,1321,2024-11-13,1558.6,card,settled
1125,1322,2023-07-26,13387.55,wire,settled
1126,1323,2023-09-25,2843.5,ach,settled
1127,1324,2023-11-17,33212.67,ach,settled
1128,1325,2023-12-27,24631.87,ach,settled
1129,1326,2024-02-06,9300.31,wire,settled
1130,1327,2024-03-17,9111.25,wire,settled
1131,1328,2024-04-12,8131.26,wire,settled
1132,1329,2024-05-12,27978.05,card,settled
1133,1331,2024-08-18,1017.84,card,settled
1134,1332,2024-09-08,8670.39,ach,settled
1135,1333,2024-10-12,42176.4,card,settled
1136,1334,2024-11-08,38430.48,card,settled
1137,1335,2024-12-14,8987.6,ach,settled
1138,1336,2023-07-11,32574.29,wire,settled
1139,1337,2023-08-25,10596.08,ach,settled
1140,1338,2023-09-07,2420.46,ach,settled
1141,1339,2023-10-16,29852.98,ach,settled
1142,1342,2024-02-28,10411.65,card,settled
1143,1343,2024-03-25,33719.23,wire,settled
1144,1344,2024-04-17,19542.76,ach,settled
1145,1345,2024-06-16,25592.19,card,settled
1146,1346,2024-09-15,5431.77,ach,settled
1147,1347,2024-10-16,1397.06,card,settled
1148,1348,2024-11-11,26949.74,ach,settled
1149,1349,2024-12-21,7023.19,card,settled
1150,1350,2023-07-13,18113.97,wire,settled
1151,1353,2023-12-13,21347.55,wire,settled
1152,1354,2024-01-22,38791.41,ach,settled
1153,1356,2024-03-23,13456.6,card,settled
1154,1357,2024-06-29,16089.05,card,settled
1155,1358,2024-07-28,15500.56,wire,settled
1156,1359,2024-09-05,25148.13,card,settled
1157,1360,2024-10-14,17819.33,card,settled
1158,1361,2023-07-19,2204.61,card,settled
1159,1362,2023-09-24,5004.45,ach,settled
1160,1363,2023-11-19,28001.6,wire,settled
1161,1364,2023-12-25,27930.83,card,settled
1162,1365,2024-01-14,2716.68,ach,settled
1163,1366,2024-02-21,4870.92,ach,settled
1164,1368,2024-08-14,44914.96,ach,settled
1165,1369,2024-09-12,62562.96,card,settled
1166,1370,2024-10-20,25322.94,ach,settled
1167,1371,2024-11-10,320.68,ach,settled
1168,1373,2023-08-24,20231.98,wire,settled
1169,1374,2023-09-24,906.38,ach,settled
1170,1375,2023-10-17,27681.69,wire,settled
1171,1376,2023-11-08,27862.76,card,settled
1172,1378,2024-01-17,17109.22,wire,settled
1173,1379,2024-02-10,49507.16,card,settled
1174,1380,2024-06-18,1494.32,ach,settled
1175,1382,2024-09-22,26443.54,wire,settled
1176,1383,2024-11-09,16779.46,ach,settled
1177,1384,2023-08-19,10024.06,card,settled
1178,1385,2023-09-10,33152.3,ach,settled
1179,1386,2023-10-06,20588.84,wire,settled
1180,1387,2023-11-19,2256.57,card,settled
1181,1388,2023-12-15,24098.39,ach,settled
1182,1389,2024-02-25,12576.01,card,settled
1183,1390,2024-03-18,39368.61,card,settled
1184,1392,2024-05-25,30709.14,card,settled
1185,1393,2024-06-10,6951.76,ach,settled
1186,1396,2024-11-19,9772.44,ach,settled
1187,1397,2023-07-19,7493.68,ach,settled
1188,1398,2023-08-16,7744.69,card,settled
1189,1400,2023-11-22,39637.77,wire,settled
1190,1401,2023-12-15,23590.46,card,settled
1191,1402,2024-02-11,11852.52,card,settled
1192,1403,2024-03-19,2281.36,wire,settled
1193,1404,2024-05-21,21646.66,wire,settled
1194,1405,2024-06-17,28177.05,ach,settled
1195,1406,2024-09-27,38405.96,card,settled
1196,1408,2024-11-17,25205.82,ach,settled
1197,1409,2024-12-07,22782.54,card,settled
1198,1411,2023-08-08,4599.73,ach,settled
1199,1412,2023-09-19,18477.26,wire,settled
1200,1413,2023-11-16,18442.65,card,settled
1201,1414,2024-01-28,3787.38,ach,settled
1202,1415,2024-03-27,800.76,ach,settled
1203,1416,2024-05-08,13323.98,wire,settled
1204,1417,2024-06-27,21994.54,card,settled
1205,1418,2024-07-24,25164.57,ach,settled
1206,1419,2024-08-22,25454.85,ach,settled
1207,1420,2024-09-11,4063.5,card,settled
1208,1421,2024-10-20,7715.14,card,settled
1209,1424,2023-07-20,28522.02,ach,settled
1210,1425,2023-10-11,12139.85,wire,settled
1211,1426,2023-12-10,6175.74,ach,settled
1212,1427,2024-01-22,20540.95,wire,settled
1213,1428,2024-04-26,23089.83,wire,settled
1214,1429,2024-05-14,47363.52,wire,settled
1215,1430,2024-06-16,48139.81,wire,settled
1216,1431,2024-07-07,26141.27,wire,settled
1217,1432,2024-08-17,27989.76,card,settled
1218,1433,2024-09-27,37697.33,wire,settled
1219,1434,2024-10-12,16471.97,wire,settled
1220,1435,2024-11-14,36446.85,card,settled
1221,1436,2024-12-08,17554.98,ach,settled
1222,1437,2023-10-10,2783.2,card,settled
1223,1438,2023-11-10,12984.89,ach,settled
1224,1439,2023-12-11,30352.89,card,settled
1225,1440,2024-03-12,9114.3,card,settled
1226,1441,2024-05-15,27184.43,wire,settled
1227,1442,2024-06-16,3501.44,card,settled
1228,1443,2024-08-23,2976.88,card,settled
1229,1444,2024-09-23,6643.62,card,settled
1230,1445,2024-11-15,4485.52,card,settled
1231,1446,2024-12-13,13688.16,wire,settled
1232,1447,2023-08-12,19855.58,card,settled
1233,1448,2023-12-12,7662.18,card,settled
1234,1449,2024-01-14,29404.64,ach,settled
1235,1450,2024-02-14,6455.06,ach,settled
1236,1452,2024-04-10,14857.58,wire,settled
1237,1453,2024-05-25,17348.27,wire,settled
1238,1454,2024-07-15,37925.29,card,settled
1239,1455,2024-08-16,3663.69,ach,settled
1240,1456,2024-09-12,28251.2,wire,settled
1241,1457,2024-10-18,17960.54,card,settled
1242,1458,2024-12-10,4832.2,wire,settled
1243,1459,2023-07-12,2502.74,card,settled
1244,1461,2023-10-29,10382.64,card,settled
1245,1462,2023-11-27,839.39,ach,settled
1246,1463,2023-12-14,29514.18,ach,settled
1247,1464,2024-01-04,20345.03,ach,settled
1248,1465,2024-02-21,12960.94,ach,settled
1249,1467,2024-05-24,25280.53,ach,settled
1250,1468,2024-07-21,749.15,card,settled
1251,1469,2024-08-08,14786.9,wire,settled
1252,1470,2024-10-18,6661.38,ach,settled
1253,1472,2024-12-18,31632.42,card,settled
1254,1473,2023-07-22,19566.88,card,settled
1255,1474,2023-08-18,12571.35,ach,settled
1256,1475,2023-09-05,8509.3,wire,settled
1257,1476,2023-10-24,1694.79,wire,settled
1258,1477,2023-11-15,7680.4,wire,settled
1259,1478,2024-01-15,24087.7,wire,settled
1260,1479,2024-02-16,34640.64,wire,settled
1261,1480,2024-03-27,10798.23,wire,settled
1262,1481,2024-05-24,6809.58,ach,settled
1263,1483,2024-09-07,19406.51,wire,settled
1264,1484,2024-10-15,31498.34,card,settled
1265,1485,2024-12-15,25012.41,card,settled
1266,1486,2023-07-21,17109.4,card,settled
1267,1487,2023-08-18,22338.39,card,settled
1268,1488,2023-10-15,8988.12,wire,settled
1269,1489,2023-11-16,28855.31,wire,settled
1270,1490,2023-12-26,46999.83,ach,settled
1271,1491,2024-01-19,8319.41,card,settled
1272,1492,2024-03-21,22956.97,card,settled
1273,1493,2024-05-13,6970.47,ach,settled
1274,1495,2024-07-04,11549.43,ach,settled
1275,1496,2024-08-13,57298.38,ach,settled
1276,1497,2024-09-28,24001.3,wire,settled
1277,1498,2024-10-16,11623.1,card,settled
1278,1499,2024-11-24,24689.5,wire,settled
1279,1501,2023-08-24,8701.22,card,settled
1280,1502,2023-09-09,10175.61,wire,settled
1281,1503,2023-12-15,21262.76,ach,settled
1282,1504,2024-02-20,2375.18,card,settled
1283,1506,2024-04-07,20484.94,ach,settled
1284,1507,2024-05-07,24977.37,card,settled
1285,1510,2024-12-22,14046.61,ach,settled
1286,1511,2023-07-15,23912.7,wire,settled
1287,1512,2023-08-25,32603.68,ach,settled
1288,1513,2023-09-07,3646.56,card,settled
1289,1514,2023-10-18,3349.3,card,settled
1290,1516,2023-12-22,5384.19,card,settled
1291,1518,2024-02-26,23703.57,ach,settled
1292,1519,2024-04-12,31443.38,ach,settled
1293,1520,2024-06-27,32851.38,wire,settled
1294,1521,2024-07-28,24995.26,wire,settled
1295,1522,2024-08-20,20262.34,card,settled
1296,1523,2024-09-10,47331.71,card,settled
1297,1524,2024-10-07,46111.02,card,settled
1298,1525,2024-12-07,26160.82,card,settled
1299,1526,2023-08-09,3920.75,card,settled
1300,1527,2023-10-08,21124.02,card,settled
1301,1528,2023-11-28,26260.42,ach,settled
1302,1529,2023-12-12,26270.4,card,settled
1303,1532,2024-04-16,22097.67,wire,settled
1304,1533,2024-05-28,16440.56,ach,settled
1305,1534,2024-06-10,2242.26,ach,settled
1306,1535,2024-08-18,9155.17,wire,settled
1307,1536,2024-09-09,52719.17,ach,settled
1308,1537,2024-11-28,51895.99,card,settled
1309,1538,2023-07-12,39718.18,wire,settled
1310,1539,2023-08-20,13081.9,ach,settled
1311,1540,2023-09-18,31904.53,card,settled
1312,1541,2023-11-10,12397.2,wire,settled
1313,1542,2023-12-22,12189.35,card,settled
1314,1543,2024-01-29,41287.46,wire,settled
1315,1544,2024-02-16,8871.21,wire,settled
1316,1545,2024-03-14,22865.4,ach,settled
1317,1546,2024-04-21,20122.44,card,settled
1318,1547,2024-06-24,24618.96,card,settled
1319,1548,2024-07-09,1308.48,card,settled
1320,1550,2024-09-21,19133.37,wire,settled
1321,1551,2024-11-15,9105.6,wire,settled
1322,1552,2023-07-10,5976.95,wire,settled
1323,1553,2023-09-10,45161.84,wire,settled
1324,1554,2023-10-15,40839.44,ach,settled
1325,1555,2023-11-12,44833.82,card,settled
1326,1556,2023-12-19,15526.07,ach,settled
1327,1557,2024-01-28,16703.39,wire,settled
1328,1558,2024-02-15,28961.4,wire,settled
1329,1559,2024-03-27,35990.15,card,settled
1330,1560,2024-04-23,7792.98,card,settled
1331,1561,2024-05-13,21069.33,ach,settled
1332,1562,2024-07-16,14649.8,card,settled
1333,1563,2024-08-06,1133.94,card,settled
1334,1564,2024-09-28,3501.32,card,settled
1335,1567,2023-07-05,5184.9,card,settled
1336,1569,2023-09-11,33509.5,card,settled
1337,1570,2023-10-08,8383.05,card,settled
1338,1571,2023-11-13,11327.64,wire,settled
1339,1572,2023-12-10,6306.7,wire,settled
1340,1573,2024-01-08,34295.36,wire,settled
1341,1574,2024-02-27,41195.42,card,settled
1342,1576,2024-07-20,4328.93,ach,settled
1343,1577,2024-08-06,4712.64,card,settled
1344,1578,2024-10-06,6917.18,ach,settled
1345,1579,2024-11-16,24645.8,wire,settled
1346,1580,2024-12-06,42261.38,wire,settled
1347,1581,2023-07-07,20752.86,wire,settled
1348,1582,2023-09-19,17247.1,wire,settled
1349,1583,2023-10-17,16312.94,card,settled
1350,1584,2023-11-18,28154.09,ach,settled
1351,1585,2023-12-17,21787.06,card,settled
1352,1586,2024-01-19,13754.08,card,settled
1353,1588,2024-05-23,52892.73,wire,settled
1354,1589,2024-07-08,19001.07,card,settled
1355,1591,2024-09-21,13396.24,ach,settled
1356,1592,2024-10-07,14470.64,card,settled
1357,1593,2024-11-14,16773.28,card,settled
1358,1594,2023-07-24,7378.0,card,settled
1359,1595,2023-08-18,994.4,card,settled
1360,1596,2023-09-26,17092.46,card,settled
1361,1597,2023-10-09,11849.4,card,settled
1362,1598,2023-11-17,26402.63,card,settled
1363,1599,2023-12-27,18277.52,card,settled
1364,1600,2024-01-09,33308.21,ach,settled
1365,1601,2024-02-26,8740.34,wire,settled
1366,1602,2024-04-21,42292.54,card,settled
1367,1603,2024-07-10,32409.61,wire,settled
1368,1604,2024-10-16,13401.81,wire,settled
1369,1605,2024-12-27,17132.5,ach,settled
1370,1606,2023-07-08,10220.57,card,settled
1371,1607,2023-08-16,17617.38,wire,settled
1372,1608,2023-09-29,1958.32,wire,settled
1373,1609,2023-10-25,7542.69,ach,settled
1374,1611,2023-12-05,9875.63,ach,settled
1375,1612,2024-01-14,8163.78,card,settled
1376,1613,2024-02-15,16150.95,ach,settled
1377,1614,2024-03-19,3562.47,wire,settled
1378,1615,2024-04-26,16378.08,ach,settled
1379,1616,2024-05-22,35288.08,card,settled
1380,1618,2024-07-09,16883.46,wire,settled
1381,1619,2024-09-13,26266.63,ach,settled
1382,1620,2024-10-21,24642.16,ach,settled
1383,1621,2024-11-27,19092.0,wire,settled
1384,1622,2024-12-20,29244.33,card,settled
1385,1623,2023-08-21,8906.67,card,settled
1386,1624,2023-10-07,11544.3,wire,settled
1387,1626,2023-12-22,25344.88,card,settled
1388,1627,2024-03-29,3869.74,ach,settled
1389,1628,2024-05-11,31668.55,ach,settled
1390,1629,2024-06-26,33569.52,card,settled
1391,1630,2024-07-23,47166.75,wire,settled
1392,1631,2024-08-26,15130.1,card,settled
1393,1632,2023-09-21,26991.7,wire,settled
1394,1634,2023-11-17,32501.34,ach,settled
1395,1635,2024-01-14,18897.5,ach,settled
1396,1636,2024-03-20,1221.57,wire,settled
1397,1637,2024-04-17,13063.65,ach,settled
1398,1638,2024-05-06,19614.18,ach,settled
1399,1639,2024-06-14,9728.9,ach,settled
1400,1640,2024-07-15,26925.8,wire,settled
1401,1641,2024-08-19,2582.48,ach,settled
1402,1643,2024-10-06,921.6,card,settled
1403,1644,2024-11-21,17843.63,wire,settled
1404,1646,2023-09-20,15810.47,ach,settled
1405,1647,2023-10-12,33577.17,wire,settled
1406,1648,2023-11-21,2909.42,card,settled
1407,1650,2024-01-28,23888.9,card,settled
1408,1651,2024-04-28,16416.68,ach,settled
1409,1652,2024-05-25,3051.32,wire,settled
1410,1653,2024-07-06,7875.63,wire,settled
1411,1654,2024-08-07,17686.2,card,settled
1412,1655,2024-09-18,5116.59,card,settled
1413,1656,2024-11-08,26996.8,ach,settled
1414,1657,2024-12-20,34000.5,wire,settled
1415,1658,2023-07-10,6364.19,ach,settled
1416,1659,2023-08-25,33980.75,card,settled
1417,1660,2023-09-12,24178.86,ach,settled
1418,1661,2023-10-15,23535.17,wire,settled
1419,1662,2023-11-10,41159.27,wire,settled
1420,1663,2023-12-17,4755.76,wire,settled
1421,1664,2024-01-11,16166.06,ach,settled
1422,1665,2024-03-26,43642.45,ach,settled
1423,1666,2024-05-15,30822.38,wire,settled
1424,1667,2024-06-18,32088.46,card,settled
1425,1668,2024-07-08,9936.51,wire,settled
1426,1669,2024-08-29,15596.0,ach,settled
1427,1670,2024-11-23,13710.48,ach,settled
1428,1671,2024-12-18,7450.9,ach,settled
1429,1672,2023-07-22,37241.94,card,settled
1430,1673,2023-09-14,12294.88,card,settled
1431,1674,2023-10-18,33590.49,card,settled
1432,1675,2024-01-13,13623.48,card,settled
1433,1676,2024-03-26,29050.79,wire,settled
1434,1677,2024-04-19,17629.15,card,settled
1435,1678,2024-06-08,8252.7,wire,settled
1436,1679,2024-07-18,17953.45,card,settled
1437,1680,2024-09-09,3544.56,ach,settled
1438,1681,2024-10-21,13390.8,wire,settled
1439,1682,2024-12-25,1948.68,wire,settled
1440,1683,2023-08-20,25424.95,ach,settled
1441,1684,2023-09-16,15237.84,ach,settled
1442,1686,2023-11-24,46779.32,ach,settled
1443,1688,2024-01-06,20553.6,wire,settled
1444,1689,2024-02-22,2054.82,wire,settled
1445,1690,2024-03-22,16373.93,ach,settled
1446,1691,2024-04-26,17871.2,card,settled
1447,1692,2024-06-07,6554.36,card,settled
1448,1693,2024-08-18,20305.52,ach,settled
1449,1694,2024-09-13,10172.44,ach,settled
1450,1695,2024-10-12,4186.91,wire,settled
1451,1696,2024-11-18,14532.14,wire,settled
1452,1697,2023-07-08,2626.77,ach,settled
1453,1698,2023-08-25,26385.76,wire,settled
1454,1700,2023-10-26,18567.06,card,settled
1455,1701,2023-11-22,18922.05,card,settled
1456,1702,2024-01-30,26554.37,card,settled
1457,1703,2024-03-09,10661.63,card,settled
1458,1704,2024-04-13,37693.0,wire,settled
1459,1705,2024-05-10,53229.89,wire,settled
1460,1706,2024-06-07,12949.13,card,settled
1461,1707,2024-07-14,15909.11,wire,settled
1462,1708,2024-09-12,2015.56,ach,settled
1463,1709,2024-10-12,28200.06,wire,settled
1464,1710,2024-12-28,23796.14,card,settled
1465,1711,2023-07-20,12659.17,card,settled
1466,1712,2023-09-12,9442.9,wire,settled
1467,1713,2023-12-09,17074.11,card,settled
1468,1715,2024-02-22,46413.83,wire,settled
1469,1717,2024-05-10,20180.08,card,settled
1470,1719,2024-09-25,7896.45,ach,settled
1471,1720,2024-10-09,2248.28,card,settled
1472,1721,2024-11-16,21018.35,ach,settled
1473,1724,2023-08-11,16883.75,wire,settled
1474,1725,2023-09-08,2951.12,ach,settled
1475,1726,2023-11-17,10420.92,ach,settled
1476,1727,2024-01-14,12220.4,wire,settled
1477,1728,2024-02-26,20840.37,ach,settled
1478,1729,2024-04-16,4297.05,wire,settled
1479,1730,2024-05-11,21646.2,wire,settled
1480,1732,2024-07-08,12533.28,ach,settled
1481,1733,2024-08-14,21352.9,wire,settled
1482,1734,2024-09-26,15084.2,ach,settled
1483,1735,2024-10-07,36497.92,card,settled
1484,1736,2023-07-26,11388.56,ach,settled
1485,1737,2023-10-25,15139.76,wire,settled
1486,1738,2023-11-10,11531.12,card,settled
1487,1739,2023-12-13,3373.84,wire,settled
1488,1740,2024-01-20,12077.72,card,settled
1489,1741,2024-03-23,7696.54,ach,settled
1490,1742,2024-06-09,37661.28,wire,settled
1491,1743,2024-07-06,9567.66,wire,settled
1492,1744,2024-08-16,10844.34,wire,settled
1493,1746,2024-10-29,28162.9,card,settled
1494,1747,2023-07-24,9800.07,ach,settled
1495,1748,2023-09-26,17261.65,ach,settled
1496,1750,2023-12-08,39699.28,wire,settled
1497,1751,2024-01-28,19288.51,wire,settled
1498,1752,2024-02-27,7144.07,card,settled
1499,1753,2024-03-12,4361.18,ach,settled
1500,1754,2024-06-21,33923.84,ach,settled
